STNAME,STATE,YEAR,TOT_POP,MALE_PCT,WHITE_PCT,HISPANIC_PCT,Young_PCT
Alabama,1,2000,3521922,0.4748773538993765,0.7355242393215977,0.015647422061022362,0.544907865648359
Alabama,1,2004,3590057,0.47687989355043664,0.7297260182777042,0.018938417969408285,0.5219591220975043
Alabama,1,2008,3735939,0.4776732168271484,0.7227355692906121,0.022773658777619228,0.5027667742969036
Alabama,1,2012,3891715,0.47922548285267547,0.713070715609956,0.03266606110673572,0.48871050423784884
Alabama,1,2016,3960737,0.4785932517104771,0.705253845433312,0.03384344883288135,0.4764456716010177
Alabama,1,2020,4113022,0.4815785084543676,0.7009860389757215,0.037676676662561005,0.47192210496321196
Alaska,2,2000,469829,0.5186738153668675,0.7408908347505156,0.036540954262082585,0.6244548548514459
Alaska,2,2004,508454,0.5188217616539549,0.7348845716623332,0.04530596671478639,0.5891742419176562
Alaska,2,2008,538643,0.5232259585662489,0.7298061981683601,0.05188037345700213,0.5666220483696994
Alaska,2,2012,573269,0.5229604252105032,0.705574520861934,0.05497070310796502,0.5448088070347429
Alaska,2,2016,584657,0.5258604617750237,0.6903551997153887,0.0621509705690687,0.5438436553397975
Alaska,2,2020,582643,0.5297738066019844,0.6756349943275728,0.06622923471147855,0.5352402757777919
Arizona,4,2000,4009385,0.495595957983581,0.8930629011681342,0.2207697689296488,0.5624049573687735
Arizona,4,2004,4473953,0.4966332905151216,0.8864418110784803,0.24097213359192643,0.5465412801609673
Arizona,4,2008,5066622,0.49823136598704226,0.8771826672682509,0.26194494083039943,0.5290246637700622
Arizona,4,2012,5204435,0.49398272819239747,0.8552396177490929,0.26570972641602786,0.5052004684466229
Arizona,4,2016,5578571,0.49354162562419657,0.8460480291458153,0.27756785743158957,0.48930236793616144
Arizona,4,2020,5865940,0.4983223490182307,0.8366551652420584,0.2910346849780257,0.486674599467434
Arkansas,5,2000,2116895,0.4816691427775114,0.8320441023291189,0.02832497596715945,0.5347147591165362
Arkansas,5,2004,2176716,0.483430084586138,0.827378491268498,0.036134709351151,0.5184066272311133
Arkansas,5,2008,2272317,0.4844750974445907,0.8219434172256775,0.04483837422331479,0.5008051253412266
Arkansas,5,2012,2357954,0.48616554860697025,0.8137347039000761,0.05503203200740981,0.489766551849612
Arkansas,5,2016,2403910,0.4862291017550574,0.8070518447030047,0.06096442878477148,0.48251972827601697
Arkansas,5,2020,2438302,0.49028545274539415,0.8006530774284728,0.0692362964062696,0.4806980431464191
California,6,2000,26200355,0.4943462407284176,0.7820609682578729,0.28875463710319954,0.5951130814830562
California,6,2004,27750536,0.4954174939179553,0.7739632488540041,0.30927193622494353,0.5750239923293734
California,6,2008,29025318,0.49719124524320457,0.7666353216181817,0.3288995490075251,0.5543946150736402
California,6,2012,30416927,0.4933070655033627,0.7399736666363437,0.34688533789097103,0.5349784348695054
California,6,2016,31700544,0.493315162036336,0.7287799540600943,0.35759824815624613,0.5195460999028912
California,6,2020,32218663,0.4987259092656949,0.7167491090490006,0.3691632082932802,0.5145623516407245
Colorado,8,2000,3405978,0.5011952514079656,0.91456961847669,0.15338795494275065,0.5941829336537112
Colorado,8,2004,3644818,0.5023425037957999,0.9095074157337897,0.16602639692846116,0.5669056726563576
Colorado,8,2008,3930346,0.5025058862502182,0.905828901577622,0.17600587836287188,0.5417227898001855
Colorado,8,2012,4154385,0.4986995668432271,0.891373332033502,0.18304105180429836,0.5234416165088214
Colorado,8,2016,4490062,0.5006968723371749,0.8840383495818098,0.18973613281954682,0.5188135486770561
Colorado,8,2020,4759537,0.5067667296209695,0.8769359288519031,0.19870336127232543,0.5230693657807471
Connecticut,9,2000,2702848,0.47723512383974237,0.8732303851344951,0.08281893765391173,0.5317724119151355
Connecticut,9,2004,2780455,0.47982830148303063,0.8631972105284926,0.0940759695805183,0.5116824404638809
Connecticut,9,2008,2837676,0.4820173268547924,0.8538938201542389,0.10606496301903388,0.4900848440766317
Connecticut,9,2012,2946880,0.4821350038006298,0.8324163182755999,0.12633666793354328,0.46858779454881094
Connecticut,9,2016,2966380,0.48333726629764223,0.8190295916234602,0.13995206278359482,0.4585629622637693
Connecticut,9,2020,2995351,0.48621146570134854,0.8055910642859552,0.1551484283477963,0.45788122994600633
Delaware,10,2000,623603,0.47883188502941776,0.7844285547054777,0.04152481626932519,0.5522552008248838
Delaware,10,2004,659944,0.4787224370552653,0.7721730934745978,0.0483147054901628,0.5261143369740463
Delaware,10,2008,702781,0.4786327461897803,0.7576940753947531,0.05486488678549932,0.4988253808796766
Delaware,10,2012,747134,0.4788351219459963,0.7327895665302342,0.07171538171198205,0.4764995302047558
Delaware,10,2016,783162,0.4788753795511018,0.7193377615359274,0.07661250162801565,0.4569693115855979
Delaware,10,2020,821432,0.48167833734259197,0.7057005327282112,0.08386330213578239,0.44751969730908947
District of Columbia,11,2000,474163,0.46425174465320995,0.37410974707010036,0.07465997979597733,0.5879518224745499
District of Columbia,11,2004,481882,0.4640181621226773,0.39543498200804345,0.0792828949825891,0.5775791583831726
District of Columbia,11,2008,498991,0.4657458751761054,0.42091139920359283,0.08065075321999796,0.5777659316500698
District of Columbia,11,2012,543421,0.46816556592402575,0.4527079373082748,0.09173182486506778,0.6027407847690832
District of Columbia,11,2016,575845,0.4693832541743004,0.46481257977407114,0.09881825838550304,0.6070887131085622
District of Columbia,11,2020,560921,0.47390809044410886,0.4761347854688985,0.10415192157184346,0.5993054280371033
Florida,12,2000,13006409,0.4822850027244261,0.8341750593880294,0.16325420798315662,0.5021448272155673
Florida,12,2004,14100721,0.48486300806887817,0.8246809507116692,0.18116194200282382,0.48990991311720866
Florida,12,2008,15024825,0.4867318587737295,0.8150067638059012,0.19881050195260178,0.4718971435607403
Florida,12,2012,16035179,0.4842966829369351,0.7990386636781541,0.22127610798731964,0.4556840930805949
Florida,12,2016,17189104,0.48417346244458115,0.792533688783313,0.23689029980852988,0.4427638578485534
Florida,12,2020,18094158,0.4884794860307951,0.7862066861580406,0.2562613303144584,0.43923093851617745
Georgia,13,2000,6405501,0.4865076127534755,0.6942926088060871,0.050551393247772504,0.602041588940506
Georgia,13,2004,6940013,0.4870224306496256,0.6812050640250962,0.05878346337391587,0.5792187997342368
Georgia,13,2008,7557929,0.4863973980173669,0.6647719236314604,0.06753860746773356,0.5541050994260465
Georgia,13,2012,7840610,0.4827943234008578,0.6410686158347374,0.07708698685433914,0.5310392941365532
Georgia,13,2016,8234494,0.48136582527110955,0.6255733503479388,0.08068048868576502,0.5132462298229861
Georgia,13,2020,8662888,0.4843516388530014,0.609790637948915,0.08832077708958029,0.5061152816474137
Hawaii,15,2000,966347,0.49990841799063895,0.276432792775266,0.06002709171757143,0.5446987469304504
Hawaii,15,2004,1008701,0.4981446434572782,0.29291336084726793,0.0661464596545458,0.5205873692997232
Hawaii,15,2008,1051266,0.5009131846744782,0.3056980821219368,0.07175538826519644,0.5035661764006446
Hawaii,15,2012,1133953,0.4986890991072822,0.2762301435773793,0.07853941036356886,0.488437351459893
Hawaii,15,2016,1168221,0.4996263549448264,0.274222086403172,0.08531690493493954,0.4807155495407119
Hawaii,15,2020,1192594,0.5027846861547182,0.2670187842635465,0.08951998752299609,0.46862553392017736
Idaho,16,2000,995786,0.4977264191302147,0.9615067896114226,0.0662240682234938,0.5713627225126684
Idaho,16,2004,1074130,0.49998324225186896,0.9583225494120824,0.07447794959641757,0.5477884427397056
Idaho,16,2008,1178995,0.5003176434166388,0.9546579926123521,0.08503343949719888,0.5272897679803562
Idaho,16,2012,1237458,0.4976063834085682,0.9450680346322865,0.09799282076644217,0.5091946554953785
Idaho,16,2016,1320046,0.4982977865922854,0.940364956978772,0.10642129137923982,0.49861747242141563
Idaho,16,2020,1476980,0.5010623028070793,0.9350722420073393,0.11481198120489106,0.5028673374047042
Illinois,17,2000,9728488,0.483680300577027,0.8112281168461122,0.1098066832173715,0.5698291450840048
Illinois,17,2004,9983401,0.48617189673138445,0.8058166750989968,0.12169910834995008,0.5497460234242819
Illinois,17,2008,10269501,0.48824329439181124,0.8006747358026451,0.13352547509367788,0.5311864714750989
Illinois,17,2012,10346192,0.48601301812299635,0.7881315173737352,0.1425192959883211,0.5090803456962716
Illinois,17,2016,10389123,0.48706036111036516,0.7803162018584244,0.15203843481302512,0.49561372985958485
Illinois,17,2020,10463718,0.49176258381581,0.7727336497409429,0.16319877886617357,0.48894522960194453
Indiana,18,2000,4782315,0.48459083100966793,0.9015198706065995,0.031511307808038576,0.5587986153149678
Indiana,18,2004,4903506,0.48623658255949925,0.8960470324702366,0.037085301822818204,0.5358315050496523
Indiana,18,2008,5064880,0.4879495664260555,0.8899403342231208,0.0432563061711235,0.5139628184675649
Indiana,18,2012,5219847,0.4876545232072894,0.8772165161162769,0.051934472408865624,0.49773240480037056
Indiana,18,2016,5332744,0.4883500876846892,0.8678985902942276,0.05720507116036322,0.48961060197151784
Indiana,18,2020,5485963,0.4931165230243077,0.8574593011290816,0.06502686948490174,0.4886744587960218
Iowa,19,2000,2327636,0.48489153802398655,0.9604568755595806,0.02342849139642109,0.531740787648928
Iowa,19,2004,2357155,0.48738161045837036,0.9562790737138627,0.0285496711077549,0.5091455589471205
Iowa,19,2008,2415806,0.4894743203717517,0.9510672628514044,0.03353166603609727,0.4895951910045757
Iowa,19,2012,2473432,0.4923616254661539,0.9373283761186886,0.04256797842026787,0.4800427098865059
Iowa,19,2016,2527673,0.4939218799267152,0.9254195459618392,0.047859038728506414,0.47779756321327954
Iowa,19,2020,2584971,0.4991823892801892,0.9158311640633493,0.05514065728396953,0.4815036609695041
Kansas,20,2000,2104512,0.48864582382994254,0.9071105320378311,0.0597991363318432,0.5559450361889122
Kansas,20,2004,2153646,0.48991802738240176,0.9020094295905641,0.06781987383256115,0.5326177096885932
Kansas,20,2008,2219562,0.49273685528946704,0.8970598703708209,0.07611817106257901,0.5132512630870415
Kansas,20,2012,2276829,0.4928556338662236,0.8845631358349705,0.09084301016896745,0.502015742069343
Kansas,20,2016,2312236,0.49454424202373803,0.8770359080993463,0.09858206515251904,0.49680309449381466
Kansas,20,2020,2356823,0.5001631433501794,0.8705846811576432,0.109448185120393,0.4993675808493043
Kentucky,21,2000,3224887,0.4824274462950175,0.9142286225842952,0.013730713665316025,0.5529517778452392
Kentucky,21,2004,3311717,0.48379556586507844,0.9107816277779774,0.01656512316722715,0.5300075459346315
Kentucky,21,2008,3435355,0.4837011022150549,0.9075667580206412,0.019290873868930577,0.5051020927968143
Kentucky,21,2012,3536647,0.4876992247176492,0.896430715307465,0.026263011264624374,0.48919584001456745
Kentucky,21,2016,3600031,0.4883669057294229,0.889653450206401,0.02874725245421498,0.47832699218423397
Kentucky,21,2020,3671143,0.4928947197099105,0.8829192978862441,0.03372437412544268,0.474879349564972
Louisiana,22,2000,3469972,0.47625110519623787,0.6709186702371085,0.02387079780470851,0.5713083563786682
Louisiana,22,2004,3521424,0.4776624456469883,0.664653560605028,0.027556465793383587,0.5468293508535184
Louisiana,22,2008,3496072,0.4785587939836479,0.6670563420890645,0.03128339462116341,0.5225827728948375
Louisiana,22,2012,3671482,0.48410124304027635,0.6550752529904817,0.04235319688343835,0.5105897291611399
Louisiana,22,2016,3755065,0.4839218495552008,0.6484087492493472,0.04602104091407206,0.5021974320018429
Louisiana,22,2020,3747905,0.4856830682741425,0.6424442455184963,0.048893715288941424,0.49554591164930806
Maine,23,2000,1031432,0.4803932784710965,0.9766140666568421,0.006214660782291028,0.5135151905312226
Maine,23,2004,1073309,0.48226372833918285,0.9734736222280815,0.008510130819735975,0.4849647212498917
Maine,23,2008,1094945,0.4831740407052409,0.970626835137838,0.010539342158738568,0.45467763220983703
Maine,23,2012,1112452,0.4851391340929766,0.9605070600798956,0.011512406827440645,0.42674650232099903
Maine,23,2016,1123918,0.48576675522591506,0.9556898279055945,0.013723421103674823,0.41390653054760224
Maine,23,2020,1158899,0.4902299510138502,0.9504797225642614,0.01647770858375061,0.41332937555386623
Maryland,24,2000,4173921,0.4753412917973292,0.674378360299584,0.0402477670276941,0.5600625886306905
Maryland,24,2004,4398069,0.4758945346241726,0.6595094347087324,0.04899809439097022,0.538006111318399
Maryland,24,2008,4533945,0.4777122351506249,0.6461747992090773,0.05819986788547281,0.5162449037207112
Maryland,24,2012,4774612,0.4783965691871926,0.6213040975895004,0.07756755941634629,0.49783731117837426
Maryland,24,2016,4899350,0.47867390572218765,0.6053980630083583,0.08505291518262627,0.48462061293845105
Maryland,24,2020,5041701,0.4822473605634289,0.5902765753066277,0.09522381434361141,0.47925392640301356
Massachusetts,25,2000,5102995,0.47432635148574515,0.8917361275094332,0.058187789719566646,0.5509650705125128
Massachusetts,25,2004,5218542,0.47724939264645183,0.8811871208471638,0.06650152475538186,0.5297242026604366
Massachusetts,25,2008,5330437,0.47970382165664843,0.8727033074398965,0.07500604547056836,0.5079941850921416
Massachusetts,25,2012,5509444,0.4791517982576826,0.8463387594102054,0.09003939417480239,0.4893533721370069
Massachusetts,25,2016,5684364,0.4802780047160949,0.8300845969751409,0.10096485728218671,0.48066591090929434
Massachusetts,25,2020,5874837,0.48568445388357157,0.8156440765931038,0.11221145369650255,0.4793293839471631
Michigan,26,2000,7792818,0.48427359653465535,0.83326429540636,0.028281681928154872,0.5550541537092231
Michigan,26,2004,7994988,0.48628640843488447,0.8283889856995408,0.03203857216546166,0.5291343776876213
Michigan,26,2008,8057495,0.4875241002321441,0.8235539705578471,0.035109547073873454,0.5022743420877084
Michigan,26,2012,8029929,0.4861720446096099,0.8148561462996746,0.038187386214747356,0.47477281555042394
Michigan,26,2016,8136823,0.48768284624109437,0.8088558642605351,0.0419940313313931,0.46507045808910924
Michigan,26,2020,8303861,0.49333978495063924,0.8031561462794236,0.04749356955758291,0.4653114978682808
Minnesota,27,2000,3872315,0.4903862418217526,0.9238969453673062,0.02486522919752138,0.5675282098692901
Minnesota,27,2004,4036411,0.4928952973322092,0.9146308440840143,0.02925767470160992,0.5401345403131643
Minnesota,27,2008,4184831,0.49464315285372334,0.9064294352627382,0.03313108701402757,0.5119523345148227
Minnesota,27,2012,4316628,0.49333600208310746,0.8839568755982679,0.03972684234082714,0.49220826997369244
Minnesota,27,2016,4446954,0.4946115925642586,0.8703593515921235,0.04349831367718218,0.4830261342932713
Minnesota,27,2020,4623348,0.5000101657932736,0.8550701785805438,0.048937479938780296,0.4862662295808146
Mississippi,28,2000,2209336,0.4750563065101913,0.6452273443242675,0.013451100240072131,0.5674428878178783
Mississippi,28,2004,2251120,0.4763233412701233,0.6381863250293187,0.01610176267813355,0.5425068410391272
Mississippi,28,2008,2304070,0.47708576562344024,0.6262222935935106,0.019393073995147718,0.5218326700143658
Mississippi,28,2012,2366921,0.4795364948809022,0.6189695389072977,0.02515166327900255,0.5054245578961022
Mississippi,28,2016,2392987,0.47860686246937406,0.60991221431625,0.026606914287457473,0.49363159933589273
Mississippi,28,2020,2388512,0.4814905681863855,0.6038098196701545,0.029114779410779598,0.48567769389477633
Missouri,29,2000,4425798,0.4795395090331732,0.8698810926300748,0.018720239830195592,0.5447480883673408
Missouri,29,2004,4574250,0.4814378313384708,0.8653346450237744,0.022576597256380827,0.524353281958791
Missouri,29,2008,4741569,0.4829740957054511,0.8610993533996869,0.026531723992627758,0.5022645457653363
Missouri,29,2012,4859070,0.48508418277571635,0.84996326457532,0.03126668271912115,0.4852755774253098
Missouri,29,2016,4945270,0.48628628972735566,0.8440752476608961,0.03486624592792709,0.47757351974715234
Missouri,29,2020,5017627,0.49040253490345137,0.8385936220448431,0.03913921859875196,0.4781451470984192
Montana,30,2000,717488,0.4941615748277323,0.9267569631826595,0.01678355596191156,0.5223418370760208
Montana,30,2004,747544,0.49625306336483205,0.9226466937063237,0.020822854574446454,0.4932084265274017
Montana,30,2008,787596,0.49785042077410246,0.9194993372236527,0.024489713000066023,0.47237797043154106
Montana,30,2012,820042,0.500029266793652,0.9121069408640046,0.026558395789483952,0.458069220844786
Montana,30,2016,852656,0.5014366872455012,0.9079464637556061,0.030845968362387646,0.45677037398435005
Montana,30,2020,895513,0.5063633917095565,0.9034899549196941,0.03571137437424136,0.46440755187250216
Nebraska,31,2000,1344169,0.4879326929872657,0.935568369751125,0.046692045419883955,0.5522601696661655
Nebraska,31,2004,1373997,0.4902063104941277,0.9299838354814457,0.055641315082929584,0.5300921326611339
Nebraska,31,2008,1411970,0.49182135597781823,0.9252838233106936,0.06327117431673478,0.5094775384746135
Nebraska,31,2012,1467001,0.4932089344179043,0.9117894261830769,0.07946143185996465,0.500288684193126
Nebraska,31,2016,1510515,0.49488353309963823,0.9024723355941516,0.08839567961920272,0.49844986643628164
Nebraska,31,2020,1562400,0.5007840501792115,0.8936911162314388,0.09900025601638505,0.5011648745519713
Nevada,32,2000,1580163,0.5084804542316204,0.850890699250647,0.17161837101615465,0.5650486690297141
Nevada,32,2004,1820357,0.5071159118788238,0.8350004971552284,0.19394767070415309,0.5437098327415996
Nevada,32,2008,2039552,0.5082689727940254,0.8172760488577884,0.22141087846742813,0.5341751521902849
Nevada,32,2012,2205867,0.5019600003082688,0.7800511091557197,0.2389019827578,0.514592221561862
Nevada,32,2016,2375997,0.49912352582936764,0.7612156075954641,0.25435469825929913,0.49641308469665574
Nevada,32,2020,2540869,0.5039508136783124,0.7455803506595579,0.269302352856444,0.4924535660830999
New Hampshire,33,2000,982533,0.4864671212061071,0.970340945291405,0.014221405286132882,0.5471653369403369
New Hampshire,33,2004,1041184,0.48761794264990627,0.9654566339859237,0.018421335710114638,0.5166819697575068
New Hampshire,33,2008,1078585,0.4892613933996857,0.9615384971977173,0.02207707320239017,0.48244412818646654
New Hampshire,33,2012,1098450,0.4903636942965087,0.9512185352087031,0.025657972597751377,0.45071874004278756
New Hampshire,33,2016,1123452,0.49229606605355636,0.944634928773103,0.03025318393665239,0.4357515941936104
New Hampshire,33,2020,1171458,0.497308482250324,0.9358995371579689,0.03682675776681708,0.4371791391582114
New Jersey,34,2000,6672718,0.4783143840336127,0.7940121251939615,0.12573916655851483,0.5442877999639727
New Jersey,34,2004,6867666,0.48127136642929347,0.7816729875914176,0.1390502974372953,0.5237754718997691
New Jersey,34,2008,6996210,0.4842226005222828,0.7710740529515266,0.15097988768204498,0.5017146426422305
New Jersey,34,2012,7198291,0.48215861237063073,0.7478865469595491,0.17226436108237358,0.48325303881157344
New Jersey,34,2016,7313270,0.48347237282364797,0.7337813317435292,0.18399840290321567,0.47154788487229377
New Jersey,34,2020,7606120,0.4889147160444484,0.724677628015335,0.1970255531072347,0.4681697107066415
New Mexico,35,2000,1402292,0.4866440085231892,0.868220741471819,0.3949041996959264,0.5581098658481971
New Mexico,35,2004,1479952,0.4891942441376477,0.8592055688292594,0.40886731461560916,0.5384715179951782
New Mexico,35,2008,1567506,0.4888657523479974,0.8540726478877911,0.42194990003228056,0.5140975536935743
New Mexico,35,2012,1656259,0.4909805773130893,0.8442145823811372,0.4389965579054967,0.4926844171110919
New Mexico,35,2016,1674458,0.49167969575826925,0.8382999155547646,0.45648920426788847,0.4819828266818278
New Mexico,35,2020,1727262,0.4959073956354045,0.8294207827185454,0.4703403421137037,0.4830442631170025
New York,36,2000,15080497,0.4743828403002898,0.7579087744919812,0.1412296292356943,0.5545100403521184
New York,36,2004,15509303,0.4768556652739327,0.7506963401256652,0.14828854655815288,0.533932504897222
New York,36,2008,15886157,0.4796115259341828,0.7444416544542523,0.1550516591268738,0.5135433950451327
New York,36,2012,16085170,0.47894756474441985,0.7202725864880508,0.1697280787209585,0.5014399599133861
New York,36,2016,16288958,0.4801474102886139,0.707589705860866,0.17693194371303556,0.49006283888754576
New York,36,2020,16654961,0.48484382521219954,0.6987696939068185,0.18356032175638237,0.4820367937217025
North Carolina,37,2000,6424248,0.4848603291778275,0.761765268090522,0.0434312311728937,0.5647123211930797
North Carolina,37,2004,6786755,0.4836153655170991,0.7558917332362816,0.05087453429510863,0.5404218952945848
North Carolina,37,2008,7351405,0.4841500366256518,0.7502432528203792,0.060022539909037796,0.5212157403924828
North Carolina,37,2012,7840287,0.48083125018255074,0.7327759812874197,0.07057892140938209,0.49975925626192
North Carolina,37,2016,8247605,0.4807345890109917,0.724243825934923,0.0751117445609968,0.48395406909036015
North Carolina,37,2020,8570894,0.486082315333733,0.717924524559515,0.08373257212141463,0.47985764378838425
North Dakota,38,2000,511954,0.49544099665204294,0.9417779722396934,0.009934486301503651,0.5434843755493658
North Dakota,38,2004,516974,0.49891483904412987,0.9350779729734958,0.013863366436223098,0.5212583224688282
North Dakota,38,2008,524053,0.5000372099768535,0.9289098621704294,0.01682845055748178,0.5021667655752377
North Dakota,38,2012,569940,0.5080850615854301,0.9149945608309646,0.020260027371302242,0.5065989402393234
North Dakota,38,2016,607449,0.5133896014315605,0.895885909763618,0.029623886120480895,0.5216684857494209
North Dakota,38,2020,623331,0.5156217162310234,0.8889177660023326,0.0362600287808564,0.5233254883841811
Ohio,39,2000,8968808,0.47868546188077615,0.8703433053756976,0.01674782200711622,0.5428110402184995
Ohio,39,2004,9121205,0.4805002189951876,0.8645891633835661,0.019400177937015997,0.5188449333174728
Ohio,39,2008,9245522,0.4822696868819305,0.8588213840170409,0.02199832524329075,0.4965506544681847
Ohio,39,2012,9349545,0.4837089933253436,0.8473399507676577,0.027269562315599315,0.4752491164008516
Ohio,39,2016,9465972,0.48531571823791575,0.8383620826260632,0.030811944087728128,0.46759973513549374
Ohio,39,2020,9656438,0.49031609792347863,0.8286338088640967,0.03593819998637179,0.46925460506244643
Oklahoma,40,2000,2721955,0.4858346298891789,0.8088458479291538,0.04445444542617347,0.5476486569395894
Oklahoma,40,2004,2783328,0.48792416847744857,0.8029326762781821,0.05355279722691684,0.5289883190195335
Oklahoma,40,2008,2888491,0.4887714727170692,0.7976808651991646,0.06265209065910193,0.5120895304849488
Oklahoma,40,2012,3027708,0.4909674248639565,0.7780598393240035,0.0766021690334735,0.504160903231091
Oklahoma,40,2016,3120320,0.4914063301199877,0.7666915572761768,0.08539861296277305,0.5017793046866988
Oklahoma,40,2020,3177298,0.49607307844589965,0.7578908242160477,0.09700947156986849,0.5039779082730043
Oregon,41,2000,2730760,0.4918454935622318,0.9215862983198816,0.06733180506525656,0.5398610643190906
Oregon,41,2004,2878468,0.4926929880756013,0.9160146994859766,0.07741826554959096,0.5163576596995346
Oregon,41,2008,3074546,0.49331706209632253,0.9107295841402275,0.0887422077926302,0.4990261976890247
Oregon,41,2012,3186265,0.4912397430847717,0.894296927593907,0.09885743966681992,0.4872228141727069
Oregon,41,2016,3373282,0.4916748733132896,0.8841694824209776,0.1075178416746658,0.4805002961507517
Oregon,41,2020,3533534,0.4971711040561659,0.8740289466579351,0.11907314320450857,0.4825922150459002
Pennsylvania,42,2000,9870977,0.4756614264221262,0.8804381774975263,0.0273150266685861,0.5166650677030248
Pennsylvania,42,2004,10013299,0.4787776735719167,0.8734687738776201,0.032800378776265446,0.496244943849175
Pennsylvania,42,2008,10201845,0.48151966629565535,0.866542669487725,0.03945815683339631,0.4780775438168292
Pennsylvania,42,2012,10523506,0.4834915283936741,0.8476700635700688,0.05227554391093615,0.46481486303138897
Pennsylvania,42,2016,10586343,0.48525784588691295,0.8380033596115297,0.06017923280966808,0.45562447768790415
Pennsylvania,42,2020,10797660,0.4900640509147352,0.8281747156328315,0.06981197778037093,0.4568523180022338
Rhode Island,44,2000,843411,0.4724470038925269,0.9107042711086292,0.07254825938955028,0.5434100337794978
Rhode Island,44,2004,868822,0.4760491792334909,0.9026428888771233,0.08628004355322494,0.5255794627668268
Rhode Island,44,2008,864872,0.478227992119065,0.8967269145029554,0.09856024937794264,0.5028547576982489
Rhode Island,44,2012,875799,0.47826499002625034,0.872759617218106,0.11405128345659221,0.48157282664172946
Rhode Island,44,2016,886031,0.48060395178046816,0.8599179938399446,0.1290417603898735,0.47223517010127186
Rhode Island,44,2020,925172,0.48709537253613383,0.8497771225242441,0.1459198938143394,0.47295421824266193
South Carolina,45,2000,3183188,0.4792180040889825,0.702643701848587,0.022704910925776298,0.5546160013169188
South Carolina,45,2004,3347969,0.4799829389101273,0.7005931058501438,0.027714414321040607,0.5296437929980833
South Carolina,45,2008,3600440,0.4807115241470487,0.7015370343624668,0.03352867982802102,0.504973281043428
South Carolina,45,2012,3822242,0.48098916813744397,0.6992029808682967,0.044262765151971015,0.4869600093348354
South Carolina,45,2016,4051542,0.4801786579035834,0.6992957249363329,0.04655782909321932,0.47167745021525137
South Carolina,45,2020,4221409,0.4830038975138396,0.7006897460066058,0.052613001962141075,0.4648355560903954
South Dakota,46,2000,590893,0.49166092676677503,0.9136561103279274,0.011958171784062428,0.5444555951754378
South Dakota,46,2004,613237,0.4943781930966331,0.9082410226388818,0.016408011910566386,0.5177606700182801
South Dakota,46,2008,640183,0.49540522006988624,0.9034932199074327,0.019664689627809546,0.4903363569479352
South Dakota,46,2012,661806,0.4991024560067452,0.8838360486305654,0.02583687666778482,0.4846495800884247
South Dakota,46,2016,685766,0.5019583939711213,0.8760480980392729,0.029677761802130755,0.4798458949554221
South Dakota,46,2020,706360,0.5077000396398437,0.8700804122543745,0.03573815051814939,0.4825726258565038
Tennessee,47,2000,4537513,0.480229367937899,0.8280346524627037,0.02021107157158558,0.5513626076663583
Tennessee,47,2004,4721481,0.48154149090084236,0.8217516918949795,0.02456517351229413,0.5287635383897552
Tennessee,47,2008,4990855,0.48180121442117635,0.8171060870331837,0.029466494217924584,0.5058463930528937
Tennessee,47,2012,5214331,0.4820977034254251,0.805844699924113,0.03924683722609861,0.49129447286718086
Tennessee,47,2016,5408387,0.4824281250583584,0.7999630943569682,0.04215674654938709,0.4807705143881161
Tennessee,47,2020,5664761,0.4873773138884412,0.7960311123452516,0.04853973539219042,0.48026156796376757
Texas,48,2000,16020873,0.49210807675711554,0.8425072091889125,0.2935976709883413,0.6049629130697185
Texas,48,2004,17200128,0.4937428372626064,0.8364284265791511,0.3140316165089004,0.5839578054302852
Texas,48,2008,18669570,0.49544638682090697,0.8282830831133229,0.3321849405208583,0.5645989168470404
Texas,48,2012,20219825,0.4920954558212052,0.8107267990697249,0.34937483385736523,0.5499430385772379
Texas,48,2016,21776044,0.49270234758893766,0.7990200607603475,0.361016307645227,0.5413183404662482
Texas,48,2020,23103109,0.4977997982868886,0.7868619327381436,0.3745168669723196,0.5390213066128892
Utah,49,2000,1647729,0.49645238992577057,0.9454382365061245,0.08258093412205526,0.6508333591264097
Utah,49,2004,1802033,0.4991212702542073,0.9416048429745737,0.09236900767078073,0.6293819258581835
Utah,49,2008,2013612,0.5013309416113929,0.9370087186607946,0.10512700559988716,0.610063905062147
Utah,49,2012,2100674,0.49901507801781714,0.9245385052606925,0.11893944514950916,0.6010585174091744
Utah,49,2016,2277520,0.4999530190733781,0.9165789982085778,0.12474753240366715,0.5932492360110998
Utah,49,2020,2509077,0.5053555550507218,0.9104300107170884,0.13381335048705162,0.5910679504853776
Vermont,50,2000,489550,0.4843264222244919,0.97447656010622,0.008183025227249514,0.5312082524767644
Vermont,50,2004,506997,0.4867168839263349,0.9716724162075909,0.010359035655043324,0.4995295830152841
Vermont,50,2008,518060,0.48786434003783347,0.9691773153688762,0.012363432807010771,0.46870632745241864
Vermont,50,2012,525019,0.4889365908662353,0.959125288799072,0.014574710629520074,0.44771141615827237
Vermont,50,2016,528036,0.48983781408843335,0.9519862282117129,0.017317001113560437,0.43922384079873344
Vermont,50,2020,547682,0.495095694216717,0.9467665543143648,0.019726775756734746,0.43904857198155134
Virginia,51,2000,5650171,0.4854474315910085,0.7583827108949446,0.04328630053851468,0.5681580256597544
Virginia,51,2004,5959635,0.4847504922700803,0.7504315281053286,0.05177464727286151,0.5454100796441392
Virginia,51,2008,6258482,0.48669214036247127,0.7413228958715548,0.05956971674600966,0.5247846043177883
Virginia,51,2012,6641425,0.48692637498729563,0.7239929683765156,0.0746010080667929,0.5069303650948404
Virginia,51,2016,6860068,0.48760478759102677,0.7123887110156926,0.0806962846432426,0.4939564739008418
Virginia,51,2020,7078671,0.49161954270794617,0.7015158636416355,0.0895432207542913,0.4899659837277365
Washington,53,2000,4654953,0.49391540580538623,0.8720436060256677,0.06259117976056901,0.5666789761357419
Washington,53,2004,4929106,0.4936073600364853,0.8634782859204083,0.07065764055388543,0.5391367116065267
Washington,53,2008,5280081,0.4963421962655497,0.8547842353176022,0.07968949718763785,0.5176801264980594
Washington,53,2012,5573187,0.4952728124859259,0.8292250017808482,0.09604953144403731,0.5051554882332138
Washington,53,2016,5929127,0.4971121380938543,0.8136113461560193,0.10386385719179232,0.4982831367923136
Washington,53,2020,6328721,0.5030570947905588,0.7932327874779121,0.11458555370034483,0.506294557778736
West Virginia,54,2000,1479209,0.48026817035320907,0.9558845301779532,0.006147204350433239,0.5037557234981669
West Virginia,54,2004,1482430,0.4832187691830306,0.9539762417112444,0.007782492259330963,0.4824099620218155
West Virginia,54,2008,1497482,0.48517043944434723,0.9510351376510703,0.009789767089020102,0.46605568547735465
West Virginia,54,2012,1538564,0.49015640558338813,0.9453912869402897,0.0115354317402461,0.4495081127596902
West Virginia,54,2016,1521483,0.49122073661026777,0.9414374002207058,0.01345332152906079,0.4396480276151623
West Virginia,54,2020,1497088,0.49705361341484267,0.9372501816860465,0.016523410781463747,0.43441868480677154
Wisconsin,55,2000,4249534,0.4891778722090469,0.9217212993236434,0.030608061966323836,0.5524525747999663
Wisconsin,55,2004,4412325,0.49217000107653,0.916054687721326,0.036116333225680336,0.5278656943901457
Wisconsin,55,2008,4550332,0.49388638015863456,0.9109895717499294,0.041487741993331474,0.5006553367974029
Wisconsin,55,2012,4636190,0.4931146048803004,0.897589399916742,0.04996559675078027,0.4777994430771819
Wisconsin,55,2016,4717187,0.4940189990348061,0.8905559605756567,0.05522231787715857,0.46691216608542335
Wisconsin,55,2020,4851781,0.4993275665162958,0.8851197117099886,0.060981524104241305,0.46694770435846134
Wyoming,56,2000,390811,0.5002673926783023,0.9563830086665933,0.05653627968506516,0.5469088638753771
Wyoming,56,2004,403083,0.5022439547190033,0.9528360164035695,0.06064507806084603,0.5137924447322264
Wyoming,56,2008,426473,0.5053121768552757,0.9491761494866029,0.06620583249115419,0.5008054437209389
Wyoming,56,2012,461823,0.5097775554703858,0.9379870643081873,0.08304696821076472,0.495735379138761
Wyoming,56,2016,468705,0.5097449355138093,0.9359234486510705,0.08787403590744712,0.4919405596270575
Wyoming,56,2020,467881,0.5128376659877191,0.9334852238069081,0.09158952810650571,0.48336863433223404
