,STNAME,STATE,YEAR,rep_vote_pct,linear_model_predictions,polynomial4_only_predictions,polynomial_3_only_predictions,polynomial_2_predictions,electoral_votes,actual_result,linear_result,poly_4_result,poly_3_result,poly_2_result,actual_result_mapped,linear_result_mapped,poly_4_result_mapped,poly_3_result_mapped,poly_2_result_mapped
0,Alabama,1,2000,0.5758552838974861,0.4558132169044291,0.5352556396584092,0.5360245233367351,0.5103814073526252,9,1.0,0.0,1.0,1.0,1.0,REPUBLICAN,DEMOCRAT,REPUBLICAN,REPUBLICAN,REPUBLICAN
1,Alaska,2,2000,0.6793694856372919,0.6734889292520179,0.6941175912773261,0.7127659292736439,0.6816281722639914,3,1.0,1.0,1.0,1.0,1.0,REPUBLICAN,REPUBLICAN,REPUBLICAN,REPUBLICAN,REPUBLICAN
2,Arizona,4,2000,0.5328259916713985,0.536326676139868,0.5696401652648078,0.5790539976972866,0.5618608976481028,8,1.0,1.0,1.0,1.0,1.0,REPUBLICAN,REPUBLICAN,REPUBLICAN,REPUBLICAN,REPUBLICAN
3,Arkansas,5,2000,0.5280068951042081,0.5063851730356355,0.513410203555317,0.5152581157824869,0.5326292931860834,6,1.0,1.0,1.0,1.0,1.0,REPUBLICAN,REPUBLICAN,REPUBLICAN,REPUBLICAN,REPUBLICAN
4,California,6,2000,0.4379701000092821,0.4892213474030025,0.46493738505485993,0.4473492095433471,0.4526508821411994,54,0.0,0.0,0.0,0.0,0.0,DEMOCRAT,DEMOCRAT,DEMOCRAT,DEMOCRAT,DEMOCRAT
5,Colorado,8,2000,0.5448583576042003,0.5986815872895184,0.5940039200279088,0.6169785013893403,0.6399855543091277,8,1.0,1.0,1.0,1.0,1.0,REPUBLICAN,REPUBLICAN,REPUBLICAN,REPUBLICAN,REPUBLICAN
6,Connecticut,9,2000,0.4074434195114548,0.4805489481092655,0.4859838868312565,0.4891853022154038,0.42333747294367186,8,0.0,0.0,0.0,0.0,0.0,DEMOCRAT,DEMOCRAT,DEMOCRAT,DEMOCRAT,DEMOCRAT
7,Delaware,10,2000,0.4325993521471155,0.48192169179905164,0.5052548147085858,0.5071246691132956,0.5041071126088497,3,0.0,0.0,1.0,1.0,1.0,DEMOCRAT,DEMOCRAT,REPUBLICAN,REPUBLICAN,REPUBLICAN
8,District of Columbia,11,2000,0.0951230552222152,0.3017776558074292,0.12538060653874794,0.10480204759961964,0.07371132510235867,3,0.0,0.0,0.0,0.0,0.0,DEMOCRAT,DEMOCRAT,DEMOCRAT,DEMOCRAT,DEMOCRAT
9,Florida,12,2000,0.4999826538926039,0.4576330024563853,0.4547855533409333,0.45743249446415746,0.4170368796393902,25,1.0,0.0,0.0,0.0,0.0,REPUBLICAN,DEMOCRAT,DEMOCRAT,DEMOCRAT,DEMOCRAT
10,Georgia,13,2000,0.5598375362290265,0.5044414430854336,0.5046911637791069,0.5023301204223429,0.5487437822587395,13,1.0,1.0,1.0,1.0,1.0,REPUBLICAN,REPUBLICAN,REPUBLICAN,REPUBLICAN,REPUBLICAN
11,Hawaii,15,2000,0.4017332194565981,0.4239400533216777,0.3714019664059478,0.37474186585684777,0.29329107969710577,4,0.0,0.0,0.0,0.0,0.0,DEMOCRAT,DEMOCRAT,DEMOCRAT,DEMOCRAT,DEMOCRAT
12,Idaho,16,2000,0.7084849045574401,0.6156080535239146,0.6419085935730706,0.6317138769816495,0.6231374958456684,4,1.0,1.0,1.0,1.0,1.0,REPUBLICAN,REPUBLICAN,REPUBLICAN,REPUBLICAN,REPUBLICAN
13,Illinois,17,2000,0.4381998968416041,0.49615731279260533,0.5054786778365425,0.504283672373262,0.4828740487031098,22,0.0,0.0,1.0,1.0,0.0,DEMOCRAT,DEMOCRAT,REPUBLICAN,REPUBLICAN,DEMOCRAT
14,Indiana,18,2000,0.5800478253258193,0.5462009150119806,0.5345851040712901,0.5380879293957008,0.5443937169601796,12,1.0,1.0,1.0,1.0,1.0,REPUBLICAN,REPUBLICAN,REPUBLICAN,REPUBLICAN,REPUBLICAN
15,Iowa,19,2000,0.4983722081248183,0.5577956891923961,0.51112020466811,0.5130153707615364,0.5000466583924634,7,0.0,1.0,1.0,1.0,1.0,DEMOCRAT,REPUBLICAN,REPUBLICAN,REPUBLICAN,REPUBLICAN
16,Kansas,20,2000,0.6091690746352808,0.5563446368931393,0.5651794880345093,0.5639868384096474,0.5567116249417552,6,1.0,1.0,1.0,1.0,1.0,REPUBLICAN,REPUBLICAN,REPUBLICAN,REPUBLICAN,REPUBLICAN
17,Kentucky,21,2000,0.5772778700401617,0.5436270960167335,0.5068336642012312,0.5139400547100053,0.5268761549688747,8,1.0,1.0,1.0,1.0,1.0,REPUBLICAN,REPUBLICAN,REPUBLICAN,REPUBLICAN,REPUBLICAN
18,Louisiana,22,2000,0.5393924596634723,0.4498496701732049,0.5334509189821617,0.5213304736617346,0.5076960904304926,9,1.0,0.0,1.0,1.0,1.0,REPUBLICAN,DEMOCRAT,REPUBLICAN,REPUBLICAN,REPUBLICAN
19,Maine,23,2000,0.4725215845899958,0.5414673286967093,0.44115324158293845,0.4376657390727132,0.43389731103410867,4,0.0,1.0,0.0,0.0,0.0,DEMOCRAT,REPUBLICAN,DEMOCRAT,DEMOCRAT,DEMOCRAT
20,Maryland,24,2000,0.4152917539940977,0.4380150989342386,0.5040308098256574,0.49797399088545546,0.4714389405708346,10,0.0,0.0,1.0,0.0,0.0,DEMOCRAT,DEMOCRAT,REPUBLICAN,DEMOCRAT,DEMOCRAT
21,Massachusetts,25,2000,0.3521065623936618,0.48667343032446775,0.4819434118446324,0.490290331819466,0.41074526636786857,12,0.0,0.0,0.0,0.0,0.0,DEMOCRAT,DEMOCRAT,DEMOCRAT,DEMOCRAT,DEMOCRAT
22,Michigan,26,2000,0.473653935182659,0.5251492609033983,0.5313644647220812,0.5329529960163626,0.5632930074778884,18,0.0,1.0,1.0,1.0,1.0,DEMOCRAT,REPUBLICAN,REPUBLICAN,REPUBLICAN,REPUBLICAN
23,Minnesota,27,2000,0.4871358802418868,0.5834443628361363,0.5809915478694663,0.5766129659374144,0.5984374396347292,10,0.0,1.0,1.0,1.0,1.0,DEMOCRAT,REPUBLICAN,REPUBLICAN,REPUBLICAN,REPUBLICAN
24,Mississippi,28,2000,0.5860085013811166,0.43911390032232145,0.5697485549130832,0.5518479730416033,0.516629647287921,7,1.0,0.0,1.0,1.0,1.0,REPUBLICAN,DEMOCRAT,REPUBLICAN,REPUBLICAN,REPUBLICAN
25,Missouri,29,2000,0.5171194865675066,0.5138525259375566,0.4969827963920679,0.5029322006306245,0.5093837488430424,11,1.0,1.0,0.0,1.0,1.0,REPUBLICAN,REPUBLICAN,DEMOCRAT,REPUBLICAN,REPUBLICAN
26,Montana,30,2000,0.6365636197866972,0.5886787982740298,0.5789557635431635,0.5775526007560501,0.5910961385138194,3,1.0,1.0,1.0,1.0,1.0,REPUBLICAN,REPUBLICAN,REPUBLICAN,REPUBLICAN,REPUBLICAN
27,Nebraska,31,2000,0.6517948086208503,0.564023990232192,0.5608237587518587,0.560537199358123,0.5469094721296486,5,1.0,1.0,1.0,1.0,1.0,REPUBLICAN,REPUBLICAN,REPUBLICAN,REPUBLICAN,REPUBLICAN
28,Nevada,32,2000,0.5185683849967243,0.5980051421032093,0.58259056386472,0.5890464239618609,0.588283821905172,4,1.0,1.0,1.0,1.0,1.0,REPUBLICAN,REPUBLICAN,REPUBLICAN,REPUBLICAN,REPUBLICAN
29,New Hampshire,33,2000,0.506678001952188,0.5755894204747927,0.5301689159878151,0.5325250305083244,0.5280821420759381,4,1.0,1.0,1.0,1.0,1.0,REPUBLICAN,REPUBLICAN,REPUBLICAN,REPUBLICAN,REPUBLICAN
30,New Jersey,34,2000,0.4178859058327907,0.4538906798604643,0.45208235495723414,0.45217623322943723,0.4054700190519682,15,0.0,0.0,0.0,0.0,0.0,DEMOCRAT,DEMOCRAT,DEMOCRAT,DEMOCRAT,DEMOCRAT
31,New Mexico,35,2000,0.4996807397069085,0.43440950185483507,0.5542520554672805,0.5459794164574276,0.533276343241539,5,0.0,0.0,1.0,1.0,1.0,DEMOCRAT,DEMOCRAT,REPUBLICAN,REPUBLICAN,REPUBLICAN
32,New York,36,2000,0.3691211476575819,0.42466800263708393,0.38509449824666575,0.3876072082809827,0.338191383007711,33,0.0,0.0,0.0,0.0,0.0,DEMOCRAT,DEMOCRAT,DEMOCRAT,DEMOCRAT,DEMOCRAT
33,North Carolina,37,2000,0.5646399698150305,0.5060359837258464,0.5247548494094119,0.5238880358244273,0.5594921332018075,14,1.0,1.0,1.0,1.0,1.0,REPUBLICAN,REPUBLICAN,REPUBLICAN,REPUBLICAN,REPUBLICAN
34,North Dakota,38,2000,0.6472739657061628,0.6077758579461126,0.6078351199392316,0.5994481724579543,0.6133443122183877,3,1.0,1.0,1.0,1.0,1.0,REPUBLICAN,REPUBLICAN,REPUBLICAN,REPUBLICAN,REPUBLICAN
35,Ohio,39,2000,0.5181843166095819,0.5101202714878079,0.49083643145525,0.49718952068430156,0.5009834650217542,21,1.0,1.0,0.0,0.0,1.0,REPUBLICAN,REPUBLICAN,DEMOCRAT,DEMOCRAT,REPUBLICAN
36,Oklahoma,40,2000,0.6108067122211892,0.5178030722409659,0.5301864169091672,0.5297720443310254,0.5601703653429766,8,1.0,1.0,1.0,1.0,1.0,REPUBLICAN,REPUBLICAN,REPUBLICAN,REPUBLICAN,REPUBLICAN
37,Oregon,41,2000,0.4976410801446944,0.5671545204817394,0.5754238446072506,0.5727841667502815,0.560366699549796,7,0.0,1.0,1.0,1.0,1.0,DEMOCRAT,REPUBLICAN,REPUBLICAN,REPUBLICAN,REPUBLICAN
38,Pennsylvania,42,2000,0.4785152128319685,0.4875424587566157,0.4612792052005048,0.46269787738360435,0.4399301388737342,23,0.0,0.0,0.0,0.0,0.0,DEMOCRAT,DEMOCRAT,DEMOCRAT,DEMOCRAT,DEMOCRAT
39,Rhode Island,44,2000,0.3435088393240068,0.4767387248531696,0.4766054051543378,0.4839868642038141,0.36661696884120687,4,0.0,0.0,0.0,0.0,0.0,DEMOCRAT,DEMOCRAT,DEMOCRAT,DEMOCRAT,DEMOCRAT
40,South Carolina,45,2000,0.5814760455908285,0.4669771192526415,0.5382289422108286,0.5348775527589709,0.5445924529448618,8,1.0,0.0,1.0,1.0,1.0,REPUBLICAN,DEMOCRAT,REPUBLICAN,REPUBLICAN,REPUBLICAN
41,South Dakota,46,2000,0.6161471257237386,0.5825587433750421,0.5730960684544542,0.569050507384361,0.6019736717218152,3,1.0,1.0,1.0,1.0,1.0,REPUBLICAN,REPUBLICAN,REPUBLICAN,REPUBLICAN,REPUBLICAN
42,Tennessee,47,2000,0.5196286678517901,0.5067959333322491,0.5136381007450623,0.5177914374865793,0.5344111068428816,11,1.0,1.0,1.0,1.0,1.0,REPUBLICAN,REPUBLICAN,REPUBLICAN,REPUBLICAN,REPUBLICAN
43,Texas,48,2000,0.6095627014856294,0.49813571921071276,0.5374483032320185,0.5400897488775485,0.5322086514234172,32,1.0,0.0,1.0,1.0,1.0,REPUBLICAN,DEMOCRAT,REPUBLICAN,REPUBLICAN,REPUBLICAN
44,Utah,49,2000,0.7172550543132414,0.6266496651783116,0.6748041407098455,0.6689518835928396,0.7178659744602456,5,1.0,1.0,1.0,1.0,1.0,REPUBLICAN,REPUBLICAN,REPUBLICAN,REPUBLICAN,REPUBLICAN
45,Vermont,50,2000,0.445596491032266,0.5637378484674196,0.49333815838492967,0.495793859818761,0.4918256668578138,3,0.0,1.0,0.0,0.0,0.0,DEMOCRAT,REPUBLICAN,DEMOCRAT,DEMOCRAT,DEMOCRAT
46,Virginia,51,2000,0.541543565199399,0.5088914108744924,0.5266880459111363,0.5256332804243584,0.564709753954908,13,1.0,1.0,1.0,1.0,1.0,REPUBLICAN,REPUBLICAN,REPUBLICAN,REPUBLICAN,REPUBLICAN
47,Washington,53,2000,0.4705522899059459,0.5726955717856366,0.5873818316263666,0.5822239867473087,0.6049209352311351,11,0.0,1.0,1.0,1.0,1.0,DEMOCRAT,REPUBLICAN,REPUBLICAN,REPUBLICAN,REPUBLICAN
48,West Virginia,54,2000,0.5324207401593741,0.5318094327050877,0.4449988376483418,0.4379328086762513,0.44380674439573653,5,1.0,1.0,0.0,0.0,0.0,REPUBLICAN,REPUBLICAN,DEMOCRAT,DEMOCRAT,DEMOCRAT
49,Wisconsin,55,2000,0.4988493169684219,0.5706609998501038,0.5628905632740597,0.5612139941158603,0.5722968329624152,11,0.0,1.0,1.0,1.0,1.0,DEMOCRAT,REPUBLICAN,REPUBLICAN,REPUBLICAN,REPUBLICAN
50,Wyoming,56,2000,0.7098230564031704,0.6204046315024074,0.6429707512041816,0.6328291029842461,0.6128944286322167,3,1.0,1.0,1.0,1.0,1.0,REPUBLICAN,REPUBLICAN,REPUBLICAN,REPUBLICAN,REPUBLICAN
51,Alabama,1,2004,0.6289777135228225,0.45452928163319095,0.5427345842057534,0.5466999640536443,0.53311057585924,9,1.0,0.0,1.0,1.0,1.0,REPUBLICAN,DEMOCRAT,REPUBLICAN,REPUBLICAN,REPUBLICAN
52,Alaska,2,2004,0.6183817430897611,0.6580763529159377,0.6543094604608442,0.6584109805039446,0.648180152267031,3,1.0,1.0,1.0,1.0,1.0,REPUBLICAN,REPUBLICAN,REPUBLICAN,REPUBLICAN,REPUBLICAN
53,Arizona,4,2004,0.5527500503048827,0.5276517659639226,0.5546107884971647,0.5594571785316163,0.5503152227102035,10,1.0,1.0,1.0,1.0,1.0,REPUBLICAN,REPUBLICAN,REPUBLICAN,REPUBLICAN,REPUBLICAN
54,Arkansas,5,2004,0.5499994718653045,0.5051558313619817,0.5143318058110893,0.5143928314811035,0.537776300257697,6,1.0,1.0,1.0,1.0,1.0,REPUBLICAN,REPUBLICAN,REPUBLICAN,REPUBLICAN,REPUBLICAN
55,California,6,2004,0.4495108241778578,0.47878318058381186,0.45158863076530764,0.43586726914422513,0.4324332469482215,55,0.0,0.0,0.0,0.0,0.0,DEMOCRAT,DEMOCRAT,DEMOCRAT,DEMOCRAT,DEMOCRAT
56,Colorado,8,2004,0.5236622955824264,0.5894782382186197,0.5852154853699503,0.5994991460593013,0.6104512190891498,9,1.0,1.0,1.0,1.0,1.0,REPUBLICAN,REPUBLICAN,REPUBLICAN,REPUBLICAN,REPUBLICAN
57,Connecticut,9,2004,0.4472505243941587,0.4792154822920285,0.47922771674523545,0.48161740865742786,0.4376777736298365,7,0.0,0.0,0.0,0.0,0.0,DEMOCRAT,DEMOCRAT,DEMOCRAT,DEMOCRAT,DEMOCRAT
58,Delaware,10,2004,0.4616855661229935,0.46721386398469056,0.5012968551606107,0.5028114458496731,0.4951313605954297,3,0.0,0.0,1.0,1.0,0.0,DEMOCRAT,DEMOCRAT,REPUBLICAN,REPUBLICAN,DEMOCRAT
59,District of Columbia,11,2004,0.0947972135256393,0.301934467403675,0.15354337050333555,0.1447535330377434,0.09386512955077109,3,0.0,0.0,0.0,0.0,0.0,DEMOCRAT,DEMOCRAT,DEMOCRAT,DEMOCRAT,DEMOCRAT
60,Florida,12,2004,0.5252367957566879,0.4569491960889698,0.4474432138198594,0.4500368526868357,0.4257643776505873,27,1.0,0.0,0.0,0.0,0.0,REPUBLICAN,DEMOCRAT,DEMOCRAT,DEMOCRAT,DEMOCRAT
61,Georgia,13,2004,0.5835423269640956,0.4929512730618715,0.4958608187464293,0.49340269106798473,0.5349778283452125,15,1.0,0.0,0.0,0.0,1.0,REPUBLICAN,DEMOCRAT,DEMOCRAT,DEMOCRAT,REPUBLICAN
62,Hawaii,15,2004,0.4562593577168699,0.41085742402180925,0.37644691694224974,0.36890036540229687,0.3428982125532798,4,0.0,0.0,0.0,0.0,0.0,DEMOCRAT,DEMOCRAT,DEMOCRAT,DEMOCRAT,DEMOCRAT
63,Idaho,16,2004,0.6932273818336431,0.6144781531595878,0.6363887775296106,0.6288329207192049,0.6059834133354585,4,1.0,1.0,1.0,1.0,1.0,REPUBLICAN,REPUBLICAN,REPUBLICAN,REPUBLICAN,REPUBLICAN
64,Illinois,17,2004,0.4479458908558913,0.4954886453818843,0.4999187972399213,0.4983277342460468,0.4850394929488573,21,0.0,0.0,0.0,0.0,0.0,DEMOCRAT,DEMOCRAT,DEMOCRAT,DEMOCRAT,DEMOCRAT
65,Indiana,18,2004,0.6042347624965846,0.5427056169472566,0.5322407756007905,0.5326360349693573,0.5412128611416591,11,1.0,1.0,1.0,1.0,1.0,REPUBLICAN,REPUBLICAN,REPUBLICAN,REPUBLICAN,REPUBLICAN
66,Iowa,19,2004,0.5033667926271291,0.5587124466220543,0.5174167702184107,0.5174092255310683,0.5038594619173296,7,1.0,1.0,1.0,1.0,1.0,REPUBLICAN,REPUBLICAN,REPUBLICAN,REPUBLICAN,REPUBLICAN
67,Kansas,20,2004,0.6286709878108223,0.550412674398419,0.5544504365987208,0.5529069434590355,0.5455037289798881,6,1.0,1.0,1.0,1.0,1.0,REPUBLICAN,REPUBLICAN,REPUBLICAN,REPUBLICAN,REPUBLICAN
68,Kentucky,21,2004,0.6000761991547393,0.5403099257406332,0.5072114228913449,0.5088284443849602,0.5239588972858513,8,1.0,1.0,1.0,1.0,1.0,REPUBLICAN,REPUBLICAN,REPUBLICAN,REPUBLICAN,REPUBLICAN
69,Louisiana,22,2004,0.573309412692435,0.44515691853279504,0.5423847096308023,0.5385391038280005,0.5242183327029935,9,1.0,0.0,1.0,1.0,1.0,REPUBLICAN,DEMOCRAT,REPUBLICAN,REPUBLICAN,REPUBLICAN
70,Maine,23,2004,0.4590314194458887,0.5387958282903158,0.4445969273983721,0.43291380141118907,0.4334469852697822,4,0.0,1.0,0.0,0.0,0.0,DEMOCRAT,REPUBLICAN,DEMOCRAT,DEMOCRAT,DEMOCRAT
71,Maryland,24,2004,0.434344157924988,0.42628635944797466,0.505989273750636,0.5047804287707152,0.4695556666208702,10,0.0,0.0,1.0,1.0,0.0,DEMOCRAT,DEMOCRAT,REPUBLICAN,REPUBLICAN,DEMOCRAT
72,Massachusetts,25,2004,0.3725714448700811,0.48719161021214585,0.4826259226027716,0.4862345946074669,0.43169089457736476,12,0.0,0.0,0.0,0.0,0.0,DEMOCRAT,DEMOCRAT,DEMOCRAT,DEMOCRAT,DEMOCRAT
73,Michigan,26,2004,0.4827415553203479,0.5230466416020914,0.5308344906626914,0.530161786326488,0.5686725636840606,17,0.0,1.0,1.0,1.0,1.0,DEMOCRAT,REPUBLICAN,REPUBLICAN,REPUBLICAN,REPUBLICAN
74,Minnesota,27,2004,0.4823910988885792,0.5816353808150061,0.5796978517771336,0.5755575803968185,0.5935943819865699,10,0.0,1.0,1.0,1.0,1.0,DEMOCRAT,REPUBLICAN,REPUBLICAN,REPUBLICAN,REPUBLICAN
75,Mississippi,28,2004,0.6022575562965446,0.4337200138253272,0.580928463707707,0.5765853173990791,0.5378248274637514,6,1.0,0.0,1.0,1.0,1.0,REPUBLICAN,DEMOCRAT,REPUBLICAN,REPUBLICAN,REPUBLICAN
76,Missouri,29,2004,0.5361971266543984,0.5131298368640929,0.5019835571325117,0.5033440099735742,0.5183117685405918,11,1.0,1.0,1.0,1.0,1.0,REPUBLICAN,REPUBLICAN,REPUBLICAN,REPUBLICAN,REPUBLICAN
77,Montana,30,2004,0.6050007617566335,0.5859949669936193,0.5729857831389111,0.579298754024336,0.5830673330761584,3,1.0,1.0,1.0,1.0,1.0,REPUBLICAN,REPUBLICAN,REPUBLICAN,REPUBLICAN,REPUBLICAN
78,Nebraska,31,2004,0.6684733725959471,0.562540588897245,0.5590995330891744,0.5577135605563512,0.5436921426249484,5,1.0,1.0,1.0,1.0,1.0,REPUBLICAN,REPUBLICAN,REPUBLICAN,REPUBLICAN,REPUBLICAN
79,Nevada,32,2004,0.513175957248615,0.5734733669267182,0.5727689750606473,0.5731376941913737,0.5514133078292147,5,1.0,1.0,1.0,1.0,1.0,REPUBLICAN,REPUBLICAN,REPUBLICAN,REPUBLICAN,REPUBLICAN
80,New Hampshire,33,2004,0.4930971137986268,0.5679753797464273,0.5211523016186632,0.5214292096445234,0.5107834761130192,4,0.0,1.0,1.0,1.0,1.0,DEMOCRAT,REPUBLICAN,REPUBLICAN,REPUBLICAN,REPUBLICAN
81,New Jersey,34,2004,0.4659964301608663,0.4527632527828347,0.4447163311382596,0.44376930627227296,0.4171206701931638,15,0.0,0.0,0.0,0.0,0.0,DEMOCRAT,DEMOCRAT,DEMOCRAT,DEMOCRAT,DEMOCRAT
82,New Mexico,35,2004,0.5040033588635489,0.4324934075206768,0.4962303570551043,0.49524506041336736,0.534155685927324,5,1.0,0.0,0.0,0.0,1.0,REPUBLICAN,DEMOCRAT,DEMOCRAT,DEMOCRAT,REPUBLICAN
83,New York,36,2004,0.4017020934355388,0.42472063791930115,0.39100361993600785,0.3897064930904719,0.35558930058193283,31,0.0,0.0,0.0,0.0,0.0,DEMOCRAT,DEMOCRAT,DEMOCRAT,DEMOCRAT,DEMOCRAT
84,North Carolina,37,2004,0.5624197200184111,0.48846586715688023,0.5133205455562475,0.512668916287339,0.537555842185121,15,1.0,0.0,1.0,1.0,1.0,REPUBLICAN,DEMOCRAT,REPUBLICAN,REPUBLICAN,REPUBLICAN
85,North Dakota,38,2004,0.6390935414994329,0.6128711899400114,0.617762933337211,0.6164373702594617,0.614083054785624,3,1.0,1.0,1.0,1.0,1.0,REPUBLICAN,REPUBLICAN,REPUBLICAN,REPUBLICAN,REPUBLICAN
86,Ohio,39,2004,0.510607412927228,0.507866252892839,0.49552877080684965,0.49635405081390616,0.5105793766541069,20,1.0,1.0,0.0,0.0,1.0,REPUBLICAN,REPUBLICAN,DEMOCRAT,DEMOCRAT,REPUBLICAN
87,Oklahoma,40,2004,0.6557040166475606,0.5165178266663606,0.5279834129970098,0.5263896402326083,0.5621995920833385,7,1.0,1.0,1.0,1.0,1.0,REPUBLICAN,REPUBLICAN,REPUBLICAN,REPUBLICAN,REPUBLICAN
88,Oregon,41,2004,0.4789137422554992,0.5584952595942307,0.5618297443010576,0.5595312633636524,0.5446437320338688,7,0.0,1.0,1.0,1.0,1.0,DEMOCRAT,REPUBLICAN,REPUBLICAN,REPUBLICAN,REPUBLICAN
89,Pennsylvania,42,2004,0.4874171790293761,0.4910806975249371,0.4724368009324351,0.4700882510029345,0.4673642204753392,21,0.0,0.0,0.0,0.0,0.0,DEMOCRAT,DEMOCRAT,DEMOCRAT,DEMOCRAT,DEMOCRAT
90,Rhode Island,44,2004,0.3942248942412186,0.4804756581777081,0.4793965628619148,0.4838043627217843,0.3963112758175029,4,0.0,0.0,0.0,0.0,0.0,DEMOCRAT,DEMOCRAT,DEMOCRAT,DEMOCRAT,DEMOCRAT
91,South Carolina,45,2004,0.5863535860141417,0.4600162829966008,0.5402743443648248,0.5408164783594884,0.5507004393112496,8,1.0,0.0,1.0,1.0,1.0,REPUBLICAN,DEMOCRAT,REPUBLICAN,REPUBLICAN,REPUBLICAN
92,South Dakota,46,2004,0.6091329080109369,0.5829897825518771,0.5748096757870584,0.5737908222728265,0.6001378310612253,3,1.0,1.0,1.0,1.0,1.0,REPUBLICAN,REPUBLICAN,REPUBLICAN,REPUBLICAN,REPUBLICAN
93,Tennessee,47,2004,0.5721407460643253,0.5020715409022856,0.5148712607726651,0.5162724218211565,0.5383316242343383,11,1.0,1.0,1.0,1.0,1.0,REPUBLICAN,REPUBLICAN,REPUBLICAN,REPUBLICAN,REPUBLICAN
94,Texas,48,2004,0.6151019189710992,0.4905173861725136,0.5096745226014932,0.5136469793274472,0.5199557163620412,34,1.0,0.0,1.0,1.0,1.0,REPUBLICAN,DEMOCRAT,REPUBLICAN,REPUBLICAN,REPUBLICAN
95,Utah,49,2004,0.7334643916012205,0.6274146269201424,0.6552672551432508,0.6551272898140894,0.6987350337282905,5,1.0,1.0,1.0,1.0,1.0,REPUBLICAN,REPUBLICAN,REPUBLICAN,REPUBLICAN,REPUBLICAN
96,Vermont,50,2004,0.3969899786074883,0.5624919430002095,0.49681596665336514,0.495832318648624,0.4877416456147543,3,0.0,1.0,0.0,0.0,0.0,DEMOCRAT,REPUBLICAN,DEMOCRAT,DEMOCRAT,DEMOCRAT
97,Virginia,51,2004,0.5413369671353006,0.493377295076336,0.5154715713993809,0.5143627212998183,0.5454789057992286,13,1.0,0.0,1.0,1.0,1.0,REPUBLICAN,DEMOCRAT,REPUBLICAN,REPUBLICAN,REPUBLICAN
98,Washington,53,2004,0.4635346231654704,0.5572905940118091,0.565971320739969,0.5624784971131191,0.5793826408303033,11,0.0,1.0,1.0,1.0,1.0,DEMOCRAT,REPUBLICAN,REPUBLICAN,REPUBLICAN,REPUBLICAN
99,West Virginia,54,2004,0.5646648206684256,0.5369152486504687,0.4602411493228473,0.4508469878851713,0.46101230148354233,5,1.0,1.0,0.0,0.0,0.0,REPUBLICAN,REPUBLICAN,DEMOCRAT,DEMOCRAT,DEMOCRAT
100,Wisconsin,55,2004,0.4980819672573075,0.5726259991063838,0.5667345492977844,0.5645726240039579,0.5739424785729454,10,0.0,1.0,1.0,1.0,1.0,DEMOCRAT,REPUBLICAN,REPUBLICAN,REPUBLICAN,REPUBLICAN
101,Wyoming,56,2004,0.7031270317317171,0.6160253638706399,0.6360883256235681,0.6327006506847539,0.5878710121788231,3,1.0,1.0,1.0,1.0,1.0,REPUBLICAN,REPUBLICAN,REPUBLICAN,REPUBLICAN,REPUBLICAN
102,Alabama,1,2008,0.6089090275357267,0.4485671012132011,0.5472834870795609,0.5537192144790168,0.5436717230867956,9,1.0,0.0,1.0,1.0,1.0,REPUBLICAN,DEMOCRAT,REPUBLICAN,REPUBLICAN,REPUBLICAN
103,Alaska,2,2008,0.610647849165971,0.6668816803360618,0.6424986550801535,0.6388166691527459,0.6130809327691438,3,1.0,1.0,1.0,1.0,1.0,REPUBLICAN,REPUBLICAN,REPUBLICAN,REPUBLICAN,REPUBLICAN
104,Arizona,4,2008,0.5431390071961633,0.5199564743433145,0.5429183187731823,0.540057451969588,0.539644926038072,10,1.0,1.0,1.0,1.0,1.0,REPUBLICAN,REPUBLICAN,REPUBLICAN,REPUBLICAN,REPUBLICAN
105,Arkansas,5,2008,0.6017172061071726,0.4997985233473563,0.5099774305313858,0.5091908308452844,0.5363918567427035,6,1.0,0.0,1.0,1.0,1.0,REPUBLICAN,DEMOCRAT,REPUBLICAN,REPUBLICAN,REPUBLICAN
106,California,6,2008,0.3772155040841459,0.47180427695015625,0.4495445625837178,0.44035630790192215,0.4185497247461427,55,0.0,0.0,0.0,0.0,0.0,DEMOCRAT,DEMOCRAT,DEMOCRAT,DEMOCRAT,DEMOCRAT
107,Colorado,8,2008,0.4544936530682658,0.5777682079953768,0.5843936179446345,0.5855557948296592,0.5839707450424285,9,0.0,1.0,1.0,1.0,1.0,DEMOCRAT,REPUBLICAN,REPUBLICAN,REPUBLICAN,REPUBLICAN
108,Connecticut,9,2008,0.3856959145923558,0.4755551082918723,0.4690236771177396,0.4715781538907038,0.4467973946084669,7,0.0,0.0,0.0,0.0,0.0,DEMOCRAT,DEMOCRAT,DEMOCRAT,DEMOCRAT,DEMOCRAT
109,Delaware,10,2008,0.3736186135011144,0.451656384022173,0.5007425349801551,0.5024773913396103,0.4928783498956264,3,0.0,0.0,1.0,1.0,0.0,DEMOCRAT,DEMOCRAT,REPUBLICAN,REPUBLICAN,DEMOCRAT
110,District of Columbia,11,2008,0.0659923166658433,0.31655078191304575,0.17123532373690153,0.1658999631689113,0.1314852136650515,3,0.0,0.0,0.0,0.0,0.0,DEMOCRAT,DEMOCRAT,DEMOCRAT,DEMOCRAT,DEMOCRAT
111,Florida,12,2008,0.4858226698483222,0.4512029984117705,0.43496704844155687,0.4385933664864865,0.42736641850657975,27,0.0,0.0,0.0,0.0,0.0,DEMOCRAT,DEMOCRAT,DEMOCRAT,DEMOCRAT,DEMOCRAT
112,Georgia,13,2008,0.5262796371119487,0.4744857673660885,0.48390919511410146,0.4812412404938584,0.5161295925069638,15,1.0,0.0,0.0,0.0,1.0,REPUBLICAN,DEMOCRAT,DEMOCRAT,DEMOCRAT,REPUBLICAN
113,Hawaii,15,2008,0.2702443731346632,0.41953457576723574,0.34900717392640246,0.34041205119842743,0.370803600383141,4,0.0,0.0,0.0,0.0,0.0,DEMOCRAT,DEMOCRAT,DEMOCRAT,DEMOCRAT,DEMOCRAT
114,Idaho,16,2008,0.6302458980502055,0.6049132660046901,0.6247646510521392,0.6183999747386792,0.5838272979447083,4,1.0,1.0,1.0,1.0,1.0,REPUBLICAN,REPUBLICAN,REPUBLICAN,REPUBLICAN,REPUBLICAN
115,Illinois,17,2008,0.3726751907836806,0.4935388952570574,0.49387579197806275,0.4924964996676948,0.48442636783462234,21,0.0,0.0,0.0,0.0,0.0,DEMOCRAT,DEMOCRAT,DEMOCRAT,DEMOCRAT,DEMOCRAT
116,Indiana,18,2008,0.4947804655462191,0.5395124916371499,0.529065538671766,0.5283281498615935,0.5407867109041504,11,0.0,1.0,1.0,1.0,1.0,DEMOCRAT,REPUBLICAN,REPUBLICAN,REPUBLICAN,REPUBLICAN
117,Iowa,19,2008,0.4515122221053265,0.5586065912464213,0.5206450415872936,0.5221579876737081,0.5077168543844195,7,0.0,1.0,1.0,1.0,1.0,DEMOCRAT,REPUBLICAN,REPUBLICAN,REPUBLICAN,REPUBLICAN
118,Kansas,20,2008,0.5761227581890944,0.552679369305185,0.5550059722667342,0.552736320645991,0.5490043854069384,6,1.0,1.0,1.0,1.0,1.0,REPUBLICAN,REPUBLICAN,REPUBLICAN,REPUBLICAN,REPUBLICAN
119,Kentucky,21,2008,0.5823342758770461,0.5298901034691026,0.4946248241271931,0.4927221149934127,0.5086601095040848,8,1.0,1.0,0.0,0.0,1.0,REPUBLICAN,REPUBLICAN,DEMOCRAT,DEMOCRAT,REPUBLICAN
120,Louisiana,22,2008,0.5949531221415545,0.4406824199868633,0.548478640476759,0.5506936736670127,0.5380656131190449,9,1.0,0.0,1.0,1.0,1.0,REPUBLICAN,DEMOCRAT,REPUBLICAN,REPUBLICAN,REPUBLICAN
121,Maine,23,2008,0.4117047501659239,0.5314127285836179,0.43507197200214875,0.4178316327012226,0.4254001518583763,4,0.0,1.0,0.0,0.0,0.0,DEMOCRAT,REPUBLICAN,DEMOCRAT,DEMOCRAT,DEMOCRAT
122,Maryland,24,2008,0.3706991270711446,0.42061743819740594,0.5101852459620133,0.5111436560879241,0.48180330136185034,10,0.0,0.0,1.0,1.0,0.0,DEMOCRAT,DEMOCRAT,REPUBLICAN,REPUBLICAN,DEMOCRAT
123,Massachusetts,25,2008,0.3680349871954352,0.4859763546864282,0.4784404046475501,0.48027141343749236,0.4459701138566956,12,0.0,0.0,0.0,0.0,0.0,DEMOCRAT,DEMOCRAT,DEMOCRAT,DEMOCRAT,DEMOCRAT
124,Michigan,26,2008,0.4162869842384548,0.5173816543818122,0.5252253135981491,0.5235102147601509,0.5710866129179735,17,0.0,1.0,1.0,1.0,1.0,DEMOCRAT,REPUBLICAN,REPUBLICAN,REPUBLICAN,REPUBLICAN
125,Minnesota,27,2008,0.4477062500460726,0.5766163811012279,0.5711143529844165,0.5703901776061713,0.5857835792421398,10,0.0,1.0,1.0,1.0,1.0,DEMOCRAT,REPUBLICAN,REPUBLICAN,REPUBLICAN,REPUBLICAN
126,Mississippi,28,2008,0.5663854141666517,0.42588309135917246,0.5913735799097708,0.596301672771645,0.5532939516367676,6,1.0,0.0,1.0,1.0,1.0,REPUBLICAN,DEMOCRAT,REPUBLICAN,REPUBLICAN,REPUBLICAN
127,Missouri,29,2008,0.5006757914967664,0.5102821998582754,0.5019124511959916,0.5006050126677195,0.5240241814518782,11,1.0,1.0,1.0,1.0,1.0,REPUBLICAN,REPUBLICAN,REPUBLICAN,REPUBLICAN,REPUBLICAN
128,Montana,30,2008,0.512293704413297,0.5842349668842153,0.568644079481075,0.5817588822985726,0.5789809330775739,3,1.0,1.0,1.0,1.0,1.0,REPUBLICAN,REPUBLICAN,REPUBLICAN,REPUBLICAN,REPUBLICAN
129,Nebraska,31,2008,0.5760907442216564,0.5592766239505789,0.5535120282627943,0.5523642703000888,0.5379369630453041,5,1.0,1.0,1.0,1.0,1.0,REPUBLICAN,REPUBLICAN,REPUBLICAN,REPUBLICAN,REPUBLICAN
130,Nevada,32,2008,0.4361326187480389,0.5620366278774545,0.5693226753526446,0.5697905739008604,0.5231330474049045,5,0.0,1.0,1.0,1.0,1.0,DEMOCRAT,REPUBLICAN,REPUBLICAN,REPUBLICAN,REPUBLICAN
131,New Hampshire,33,2008,0.4513145887989049,0.5617657661943882,0.511167166061675,0.5137180438783844,0.49888144865818873,4,0.0,1.0,1.0,1.0,0.0,DEMOCRAT,REPUBLICAN,REPUBLICAN,REPUBLICAN,DEMOCRAT
132,New Jersey,34,2008,0.4213537012857605,0.4520144459485542,0.44195332669487897,0.4408659841249687,0.4292498291722069,15,0.0,0.0,0.0,0.0,0.0,DEMOCRAT,DEMOCRAT,DEMOCRAT,DEMOCRAT,DEMOCRAT
133,New Mexico,35,2008,0.4233509998120241,0.41748431933548913,0.45282817695274247,0.4536322349448767,0.5182124392244276,5,0.0,0.0,0.0,0.0,1.0,DEMOCRAT,DEMOCRAT,DEMOCRAT,DEMOCRAT,REPUBLICAN
134,New York,36,2008,0.3650557414951388,0.4264661942773622,0.40115065387370663,0.3968834409515978,0.37614523304500835,31,0.0,0.0,0.0,0.0,0.0,DEMOCRAT,DEMOCRAT,DEMOCRAT,DEMOCRAT,DEMOCRAT
135,North Carolina,37,2008,0.4983403669993269,0.48009409553122273,0.506920522485224,0.5060560351719658,0.5308383694956333,15,0.0,0.0,1.0,1.0,1.0,DEMOCRAT,DEMOCRAT,REPUBLICAN,REPUBLICAN,REPUBLICAN
136,North Dakota,38,2008,0.5440865628196813,0.6089165121746376,0.6092150497816817,0.6162670854568262,0.6062446982007117,3,1.0,1.0,1.0,1.0,1.0,REPUBLICAN,REPUBLICAN,REPUBLICAN,REPUBLICAN,REPUBLICAN
137,Ohio,39,2008,0.4769166738440683,0.5059758014624132,0.49821729730235376,0.49614032293946764,0.5221957571405724,20,0.0,1.0,0.0,0.0,1.0,DEMOCRAT,REPUBLICAN,DEMOCRAT,DEMOCRAT,REPUBLICAN
138,Oklahoma,40,2008,0.656450811226935,0.5104383975054141,0.5207649369491989,0.5188832407251596,0.5561771143417786,7,1.0,1.0,1.0,1.0,1.0,REPUBLICAN,REPUBLICAN,REPUBLICAN,REPUBLICAN,REPUBLICAN
139,Oregon,41,2008,0.4158627882277282,0.5505816059672224,0.551714947760864,0.5487768518064371,0.5333462457961531,7,0.0,1.0,1.0,1.0,1.0,DEMOCRAT,REPUBLICAN,REPUBLICAN,REPUBLICAN,REPUBLICAN
140,Pennsylvania,42,2008,0.4478920407940089,0.4933416117915015,0.47883803303216865,0.4757382417483882,0.48904757975198976,21,0.0,0.0,0.0,0.0,0.0,DEMOCRAT,DEMOCRAT,DEMOCRAT,DEMOCRAT,DEMOCRAT
141,Rhode Island,44,2008,0.3580186249085422,0.47726879791789223,0.46451528204945447,0.46961756332055415,0.405246016462236,4,0.0,0.0,0.0,0.0,0.0,DEMOCRAT,DEMOCRAT,DEMOCRAT,DEMOCRAT,DEMOCRAT
142,South Carolina,45,2008,0.5454442918920913,0.45359625217304034,0.5403799124355899,0.5432605159249277,0.5571839272546768,8,1.0,0.0,1.0,1.0,1.0,REPUBLICAN,DEMOCRAT,REPUBLICAN,REPUBLICAN,REPUBLICAN
143,South Dakota,46,2008,0.5429570723411538,0.5761620192335544,0.5623778237418549,0.5669580624918638,0.5905519968396788,3,1.0,1.0,1.0,1.0,1.0,REPUBLICAN,REPUBLICAN,REPUBLICAN,REPUBLICAN,REPUBLICAN
144,Tennessee,47,2008,0.5763147180235446,0.4928244023004327,0.5100495716959514,0.5100682831767642,0.5336772931084184,11,1.0,0.0,1.0,1.0,1.0,REPUBLICAN,DEMOCRAT,REPUBLICAN,REPUBLICAN,REPUBLICAN
145,Texas,48,2008,0.5593593675094072,0.4838642714539496,0.48949294206672533,0.4928827306464143,0.5075616944734804,34,1.0,0.0,0.0,0.0,1.0,REPUBLICAN,DEMOCRAT,DEMOCRAT,DEMOCRAT,REPUBLICAN
146,Utah,49,2008,0.6452636137274007,0.6257027324896978,0.63619834585608,0.6431006406077842,0.6789260678873674,5,1.0,1.0,1.0,1.0,1.0,REPUBLICAN,REPUBLICAN,REPUBLICAN,REPUBLICAN,REPUBLICAN
147,Vermont,50,2008,0.311008182606619,0.5561010985265673,0.4863918752739238,0.48679121622338073,0.47654295541204306,3,0.0,1.0,0.0,0.0,0.0,DEMOCRAT,REPUBLICAN,DEMOCRAT,DEMOCRAT,DEMOCRAT
148,Virginia,51,2008,0.4681741559387244,0.4902705582254452,0.5127871047957271,0.5109878544662791,0.5505130516247974,13,0.0,0.0,1.0,1.0,1.0,DEMOCRAT,DEMOCRAT,REPUBLICAN,REPUBLICAN,REPUBLICAN
149,Washington,53,2008,0.4124797319789105,0.5572008913049338,0.5625836075850472,0.5588236200512,0.5773442128284714,11,0.0,1.0,1.0,1.0,1.0,DEMOCRAT,REPUBLICAN,REPUBLICAN,REPUBLICAN,REPUBLICAN
150,West Virginia,54,2008,0.5667374376713725,0.5387919914896235,0.46778183109958604,0.4603175558424226,0.4716225182925271,5,1.0,1.0,0.0,0.0,0.0,REPUBLICAN,REPUBLICAN,DEMOCRAT,DEMOCRAT,DEMOCRAT
151,Wisconsin,55,2008,0.4294432175218158,0.5682195122519302,0.5589526736397445,0.5594447233832653,0.5659635152749232,10,0.0,1.0,1.0,1.0,1.0,DEMOCRAT,REPUBLICAN,REPUBLICAN,REPUBLICAN,REPUBLICAN
152,Wyoming,56,2008,0.6656202335509591,0.6227269504096435,0.6500018469221018,0.647401452853785,0.5857181347968137,3,1.0,1.0,1.0,1.0,1.0,REPUBLICAN,REPUBLICAN,REPUBLICAN,REPUBLICAN,REPUBLICAN
153,Alabama,1,2012,0.6121622853343771,0.44509141699078647,0.5435128241926392,0.5495249535973983,0.5508731401835973,9,1.0,0.0,1.0,1.0,1.0,REPUBLICAN,DEMOCRAT,REPUBLICAN,REPUBLICAN,REPUBLICAN
154,Alaska,2,2012,0.5731529048156038,0.6506407763537636,0.5946189483187325,0.5867448838051814,0.5947980429217807,3,1.0,1.0,1.0,1.0,1.0,REPUBLICAN,REPUBLICAN,REPUBLICAN,REPUBLICAN,REPUBLICAN
155,Arizona,4,2012,0.5461338022370319,0.4856487271384591,0.5053986489525855,0.5002713154758993,0.48714132134563215,11,1.0,0.0,1.0,1.0,0.0,REPUBLICAN,DEMOCRAT,REPUBLICAN,REPUBLICAN,DEMOCRAT
156,Arkansas,5,2012,0.6215440535122961,0.4982625527105662,0.5084973513174234,0.5072778627511809,0.5407896824313667,6,1.0,0.0,1.0,1.0,1.0,REPUBLICAN,DEMOCRAT,REPUBLICAN,REPUBLICAN,REPUBLICAN
157,California,6,2012,0.3812718883670338,0.4348936443631879,0.36525853640457484,0.3669244754438381,0.3532829509963662,55,0.0,0.0,0.0,0.0,0.0,DEMOCRAT,DEMOCRAT,DEMOCRAT,DEMOCRAT,DEMOCRAT
158,Colorado,8,2012,0.4724989314399086,0.5484020915740135,0.5687812047767906,0.5621801377587872,0.5470998403220051,9,0.0,1.0,1.0,1.0,1.0,DEMOCRAT,REPUBLICAN,REPUBLICAN,REPUBLICAN,REPUBLICAN
159,Connecticut,9,2012,0.412274225230929,0.45665502496428,0.4451257154997208,0.44868071353975836,0.43533123836532894,7,0.0,0.0,0.0,0.0,0.0,DEMOCRAT,DEMOCRAT,DEMOCRAT,DEMOCRAT,DEMOCRAT
160,Delaware,10,2012,0.4055304508072184,0.43293613615029525,0.49661213003778215,0.4970301372330539,0.4848346830197059,3,0.0,0.0,0.0,0.0,0.0,DEMOCRAT,DEMOCRAT,DEMOCRAT,DEMOCRAT,DEMOCRAT
161,District of Columbia,11,2012,0.0741235079788248,0.3412964779874459,0.013012663296642302,0.03354788230159045,0.12102170944290691,3,0.0,0.0,0.0,0.0,0.0,DEMOCRAT,DEMOCRAT,DEMOCRAT,DEMOCRAT,DEMOCRAT
162,Florida,12,2012,0.4955774786063376,0.4235087135122013,0.3922026926925568,0.3962348679258838,0.3942721410548913,29,0.0,0.0,0.0,0.0,0.0,DEMOCRAT,DEMOCRAT,DEMOCRAT,DEMOCRAT,DEMOCRAT
163,Georgia,13,2012,0.5395664909805672,0.4410499900847,0.4671940848552012,0.46484077260360834,0.4768799645527366,16,1.0,0.0,0.0,0.0,0.0,REPUBLICAN,DEMOCRAT,DEMOCRAT,DEMOCRAT,DEMOCRAT
164,Hawaii,15,2012,0.2830902404711577,0.39411537374780004,0.34531387420238246,0.3434296291133734,0.35377906336214693,4,0.0,0.0,0.0,0.0,0.0,DEMOCRAT,DEMOCRAT,DEMOCRAT,DEMOCRAT,DEMOCRAT
165,Idaho,16,2012,0.6642138684357534,0.5800814500777585,0.5954339645084801,0.5886774190927611,0.5524906737962993,4,1.0,1.0,1.0,1.0,1.0,REPUBLICAN,REPUBLICAN,REPUBLICAN,REPUBLICAN,REPUBLICAN
166,Illinois,17,2012,0.414211811010485,0.46990950122520747,0.4649669507080816,0.46455534879623883,0.45449472945127667,20,0.0,0.0,0.0,0.0,0.0,DEMOCRAT,DEMOCRAT,DEMOCRAT,DEMOCRAT,DEMOCRAT
167,Indiana,18,2012,0.5520037459732731,0.5265443029373107,0.5166310039339024,0.5157825748442519,0.5302365566101983,11,1.0,1.0,1.0,1.0,1.0,REPUBLICAN,REPUBLICAN,REPUBLICAN,REPUBLICAN,REPUBLICAN
168,Iowa,19,2012,0.4704064807189982,0.5617089829022941,0.5366093151285654,0.5400775527742212,0.5272456354342907,6,0.0,1.0,1.0,1.0,1.0,DEMOCRAT,REPUBLICAN,REPUBLICAN,REPUBLICAN,REPUBLICAN
169,Kansas,20,2012,0.6106033634972299,0.5414318178365045,0.5436056635395161,0.5409802010284324,0.537787130822565,6,1.0,1.0,1.0,1.0,1.0,REPUBLICAN,REPUBLICAN,REPUBLICAN,REPUBLICAN,REPUBLICAN
170,Kentucky,21,2012,0.6154277239380491,0.5372357043908678,0.5134190476032643,0.5124135003451471,0.5377058434464388,8,1.0,1.0,1.0,1.0,1.0,REPUBLICAN,REPUBLICAN,REPUBLICAN,REPUBLICAN,REPUBLICAN
171,Louisiana,22,2012,0.5874682561411397,0.45474754347700364,0.5331123053404312,0.532351931855473,0.5688027984866721,8,1.0,0.0,1.0,1.0,1.0,REPUBLICAN,DEMOCRAT,REPUBLICAN,REPUBLICAN,REPUBLICAN
172,Maine,23,2012,0.4214007860642288,0.5277937980299505,0.43809318423482324,0.42477753199175083,0.44181052409611254,4,0.0,1.0,0.0,0.0,0.0,DEMOCRAT,REPUBLICAN,DEMOCRAT,DEMOCRAT,DEMOCRAT
173,Maryland,24,2012,0.3667827421309402,0.4045926801616493,0.49763789224774513,0.495411768249312,0.46178279426854374,10,0.0,0.0,0.0,0.0,0.0,DEMOCRAT,DEMOCRAT,DEMOCRAT,DEMOCRAT,DEMOCRAT
174,Massachusetts,25,2012,0.3821431925093999,0.46523902749878454,0.46020682371064225,0.46250336280230897,0.43309726702499063,11,0.0,0.0,0.0,0.0,0.0,DEMOCRAT,DEMOCRAT,DEMOCRAT,DEMOCRAT,DEMOCRAT
175,Michigan,26,2012,0.4519946792882212,0.4988034727806454,0.5114796058781153,0.5095402563361091,0.5604607538907089,16,0.0,0.0,1.0,1.0,1.0,DEMOCRAT,DEMOCRAT,REPUBLICAN,REPUBLICAN,REPUBLICAN
176,Minnesota,27,2012,0.4605877353830181,0.5558201927495938,0.5467653472972742,0.5469109744505118,0.5740376851922093,10,0.0,1.0,1.0,1.0,1.0,DEMOCRAT,REPUBLICAN,REPUBLICAN,REPUBLICAN,REPUBLICAN
177,Mississippi,28,2012,0.5580189919878777,0.42760453867241655,0.5856122424680237,0.5933375625459831,0.5761158940150892,6,1.0,0.0,1.0,1.0,1.0,REPUBLICAN,DEMOCRAT,REPUBLICAN,REPUBLICAN,REPUBLICAN
178,Missouri,29,2012,0.5477866675337997,0.5094961697893865,0.5062355905809923,0.504234296526846,0.5404853467755331,10,1.0,1.0,1.0,1.0,1.0,REPUBLICAN,REPUBLICAN,REPUBLICAN,REPUBLICAN,REPUBLICAN
179,Montana,30,2012,0.5703423186388146,0.5865242963141286,0.5712399588828774,0.5901692270396524,0.5856237861298439,3,1.0,1.0,1.0,1.0,1.0,REPUBLICAN,REPUBLICAN,REPUBLICAN,REPUBLICAN,REPUBLICAN
180,Nebraska,31,2012,0.6112939026822536,0.5536589603218043,0.5526280939492594,0.550393839353859,0.5378140039546366,5,1.0,1.0,1.0,1.0,1.0,REPUBLICAN,REPUBLICAN,REPUBLICAN,REPUBLICAN,REPUBLICAN
181,Nevada,32,2012,0.4659245783665346,0.5113602131730546,0.5152076617536281,0.5244964207238496,0.46580173615918596,6,0.0,1.0,1.0,1.0,0.0,DEMOCRAT,REPUBLICAN,REPUBLICAN,REPUBLICAN,DEMOCRAT
182,New Hampshire,33,2012,0.4716624802174189,0.5521692755754639,0.49809776526840466,0.5047645545443515,0.49566282084285973,4,0.0,1.0,0.0,1.0,0.0,DEMOCRAT,REPUBLICAN,DEMOCRAT,REPUBLICAN,DEMOCRAT
183,New Jersey,34,2012,0.4101314886269041,0.42355031583604585,0.4068082006551421,0.4011291551805556,0.3898332666076101,14,0.0,0.0,0.0,0.0,0.0,DEMOCRAT,DEMOCRAT,DEMOCRAT,DEMOCRAT,DEMOCRAT
184,New Mexico,35,2012,0.447047953530913,0.4118459839095423,0.42404076107620625,0.42381349344520913,0.5192213402822006,5,0.0,0.0,0.0,0.0,1.0,DEMOCRAT,DEMOCRAT,DEMOCRAT,DEMOCRAT,REPUBLICAN
185,New York,36,2012,0.3395730512972261,0.4081253237536733,0.3739682667990323,0.36326856562013177,0.34871994537105877,29,0.0,0.0,0.0,0.0,0.0,DEMOCRAT,DEMOCRAT,DEMOCRAT,DEMOCRAT,DEMOCRAT
186,North Carolina,37,2012,0.51034034903005,0.44992675146774275,0.49343724220752705,0.49327092832244546,0.49478703648724576,15,1.0,0.0,0.0,0.0,0.0,REPUBLICAN,DEMOCRAT,DEMOCRAT,DEMOCRAT,DEMOCRAT
187,North Dakota,38,2012,0.6011120828891173,0.6414362688510256,0.6636273471613521,0.6691018312370431,0.6388743664818577,3,1.0,1.0,1.0,1.0,1.0,REPUBLICAN,REPUBLICAN,REPUBLICAN,REPUBLICAN,REPUBLICAN
188,Ohio,39,2012,0.484859432307505,0.5004940415676287,0.49900283825984815,0.49601803708081604,0.5337324720544316,18,0.0,1.0,0.0,0.0,1.0,DEMOCRAT,REPUBLICAN,DEMOCRAT,DEMOCRAT,REPUBLICAN
189,Oklahoma,40,2012,0.6677231974301656,0.5078062471129345,0.5154889050370954,0.5132800245475266,0.5556169067113217,7,1.0,1.0,1.0,1.0,1.0,REPUBLICAN,REPUBLICAN,REPUBLICAN,REPUBLICAN,REPUBLICAN
190,Oregon,41,2012,0.4372883282125261,0.5296020305450146,0.5258660062625253,0.5236313119651612,0.5133727825211736,7,0.0,1.0,1.0,1.0,1.0,DEMOCRAT,REPUBLICAN,REPUBLICAN,REPUBLICAN,REPUBLICAN
191,Pennsylvania,42,2012,0.4726806599810817,0.48849829665989297,0.4829251970097701,0.4811390882283604,0.5048928366484517,20,0.0,0.0,0.0,0.0,1.0,DEMOCRAT,DEMOCRAT,DEMOCRAT,DEMOCRAT,REPUBLICAN
192,Rhode Island,44,2012,0.3598325402111788,0.4588359269250306,0.4373394396050898,0.44485489351613694,0.39759522360311195,4,0.0,0.0,0.0,0.0,0.0,DEMOCRAT,DEMOCRAT,DEMOCRAT,DEMOCRAT,DEMOCRAT
193,South Carolina,45,2012,0.5530825470456537,0.44492334948639956,0.5341741214998379,0.5374153429727215,0.5505645129603494,9,1.0,0.0,1.0,1.0,1.0,REPUBLICAN,DEMOCRAT,REPUBLICAN,REPUBLICAN,REPUBLICAN
194,South Dakota,46,2012,0.5921849913819525,0.5833701304190688,0.5757988979837521,0.580720421767154,0.6124583246183519,3,1.0,1.0,1.0,1.0,1.0,REPUBLICAN,REPUBLICAN,REPUBLICAN,REPUBLICAN,REPUBLICAN
195,Tennessee,47,2012,0.6035107152629404,0.4831397941502189,0.5060429890273426,0.5057496297490474,0.5292985186183046,11,1.0,0.0,1.0,1.0,1.0,REPUBLICAN,DEMOCRAT,REPUBLICAN,REPUBLICAN,REPUBLICAN
196,Texas,48,2012,0.5800789721510639,0.453748244645916,0.446611338500837,0.4451824502791766,0.458259964781206,38,1.0,0.0,0.0,0.0,0.0,REPUBLICAN,DEMOCRAT,DEMOCRAT,DEMOCRAT,DEMOCRAT
197,Utah,49,2012,0.7462618889514748,0.6045738087216566,0.6228006902826664,0.6318742160087112,0.6484125914251635,6,1.0,1.0,1.0,1.0,1.0,REPUBLICAN,REPUBLICAN,REPUBLICAN,REPUBLICAN,REPUBLICAN
198,Vermont,50,2012,0.3175274117360937,0.5504196227519191,0.48305622208297194,0.48705910619543147,0.4821395520294942,3,0.0,1.0,0.0,0.0,0.0,DEMOCRAT,REPUBLICAN,DEMOCRAT,DEMOCRAT,DEMOCRAT
199,Virginia,51,2012,0.4803262331123551,0.4758819180911109,0.4990701468671759,0.49720792679548254,0.5339351993272459,13,0.0,0.0,0.0,0.0,1.0,DEMOCRAT,DEMOCRAT,DEMOCRAT,DEMOCRAT,REPUBLICAN
200,Washington,53,2012,0.4237170172937815,0.5359938581478105,0.5388695665485486,0.5360105851290768,0.5558930513216183,12,0.0,1.0,1.0,1.0,1.0,DEMOCRAT,REPUBLICAN,REPUBLICAN,REPUBLICAN,REPUBLICAN
201,West Virginia,54,2012,0.6367429763204273,0.5535108821149892,0.4972398878233051,0.5046330448824818,0.5084827109177397,5,1.0,1.0,0.0,1.0,1.0,REPUBLICAN,REPUBLICAN,DEMOCRAT,REPUBLICAN,REPUBLICAN
202,Wisconsin,55,2012,0.4653657001712759,0.5507904907293564,0.5368460775456825,0.538044795301829,0.5511340580047062,10,0.0,1.0,1.0,1.0,1.0,DEMOCRAT,REPUBLICAN,REPUBLICAN,REPUBLICAN,REPUBLICAN
203,Wyoming,56,2012,0.7116063401152143,0.6327169606049732,0.6712942871874858,0.6610829853809292,0.5873806903954133,3,1.0,1.0,1.0,1.0,1.0,REPUBLICAN,REPUBLICAN,REPUBLICAN,REPUBLICAN,REPUBLICAN
204,Alabama,1,2016,0.6437405660815012,0.43561678360153255,0.5511847796178202,0.5600334242446223,0.55292058440061,9,1.0,0.0,1.0,1.0,1.0,REPUBLICAN,DEMOCRAT,REPUBLICAN,REPUBLICAN,REPUBLICAN
205,Alaska,2,2016,0.5838565471106807,0.6567925918116728,0.595770115574517,0.587710030048342,0.5603438253378457,3,1.0,1.0,1.0,1.0,1.0,REPUBLICAN,REPUBLICAN,REPUBLICAN,REPUBLICAN,REPUBLICAN
206,Arizona,4,2016,0.5189002340103945,0.47216513875271726,0.4851168069266336,0.48031010721514633,0.4717120888735664,11,1.0,0.0,0.0,0.0,0.0,REPUBLICAN,DEMOCRAT,DEMOCRAT,DEMOCRAT,DEMOCRAT
207,Arkansas,5,2016,0.6428513768977047,0.4924325188731493,0.5040073325812031,0.5028251399689196,0.5369889722203212,6,1.0,0.0,1.0,1.0,1.0,REPUBLICAN,DEMOCRAT,REPUBLICAN,REPUBLICAN,REPUBLICAN
208,California,6,2016,0.3387177945727012,0.42335902684499205,0.3449302650447166,0.35900542139488323,0.3334179265614523,55,0.0,0.0,0.0,0.0,0.0,DEMOCRAT,DEMOCRAT,DEMOCRAT,DEMOCRAT,DEMOCRAT
209,Colorado,8,2016,0.4731666662731756,0.5516837189011272,0.5702160852510119,0.5609466674551271,0.548099517140642,9,0.0,1.0,1.0,1.0,1.0,DEMOCRAT,REPUBLICAN,REPUBLICAN,REPUBLICAN,REPUBLICAN
210,Connecticut,9,2016,0.4285845248273636,0.45074952337458374,0.43853815031558696,0.44171383424480837,0.4379920856134021,7,0.0,0.0,0.0,0.0,0.0,DEMOCRAT,DEMOCRAT,DEMOCRAT,DEMOCRAT,DEMOCRAT
211,Delaware,10,2016,0.4400137855631878,0.4213285759606382,0.5043636722850451,0.5037966299544081,0.4920387317811361,3,0.0,0.0,1.0,1.0,0.0,DEMOCRAT,DEMOCRAT,REPUBLICAN,REPUBLICAN,DEMOCRAT
212,District of Columbia,11,2016,0.0430481165814591,0.34945795807216795,-0.028215315140563746,0.006086144835620644,0.12208848817584084,3,0.0,0.0,-0.0,0.0,0.0,DEMOCRAT,DEMOCRAT,DEMOCRAT,DEMOCRAT,DEMOCRAT
213,Florida,12,2016,0.5061883547277548,0.4120478339320748,0.3741221377230417,0.37819365011479533,0.3862214230912002,29,1.0,0.0,0.0,0.0,0.0,REPUBLICAN,DEMOCRAT,DEMOCRAT,DEMOCRAT,DEMOCRAT
214,Georgia,13,2016,0.5266117259930322,0.4232569856014483,0.47327949141969583,0.4705598149469097,0.46745716569718354,16,1.0,0.0,0.0,0.0,0.0,REPUBLICAN,DEMOCRAT,DEMOCRAT,DEMOCRAT,DEMOCRAT
215,Hawaii,15,2016,0.3255866254946454,0.39311058671066235,0.32155174735984104,0.33189148514711064,0.3441618385144736,4,0.0,0.0,0.0,0.0,0.0,DEMOCRAT,DEMOCRAT,DEMOCRAT,DEMOCRAT,DEMOCRAT
216,Idaho,16,2016,0.6831017668080558,0.5757586514511788,0.5926321975813877,0.5828902362794395,0.54624246285087,4,1.0,1.0,1.0,1.0,1.0,REPUBLICAN,REPUBLICAN,REPUBLICAN,REPUBLICAN,REPUBLICAN
217,Illinois,17,2016,0.4097994860928852,0.46500656079583624,0.45748247567384936,0.4578733482804864,0.45221965741907866,20,0.0,0.0,0.0,0.0,0.0,DEMOCRAT,DEMOCRAT,DEMOCRAT,DEMOCRAT,DEMOCRAT
218,Indiana,18,2016,0.6011730952450807,0.5227103754426428,0.5146197185532557,0.5136831209154025,0.5326899162514991,11,1.0,1.0,1.0,1.0,1.0,REPUBLICAN,REPUBLICAN,REPUBLICAN,REPUBLICAN,REPUBLICAN
219,Iowa,19,2016,0.5506354784512034,0.562953322228255,0.5455417299020766,0.5488974112247007,0.540633753392946,6,1.0,1.0,1.0,1.0,1.0,REPUBLICAN,REPUBLICAN,REPUBLICAN,REPUBLICAN,REPUBLICAN
220,Kansas,20,2016,0.6111147034260667,0.542762533661119,0.5464347530025506,0.5427570368935619,0.5420137889881076,6,1.0,1.0,1.0,1.0,1.0,REPUBLICAN,REPUBLICAN,REPUBLICAN,REPUBLICAN,REPUBLICAN
221,Kentucky,21,2016,0.6567062901750986,0.5339418270884524,0.5117865270672795,0.5110423741459584,0.5413847964024328,8,1.0,1.0,1.0,1.0,1.0,REPUBLICAN,REPUBLICAN,REPUBLICAN,REPUBLICAN,REPUBLICAN
222,Louisiana,22,2016,0.601716772378078,0.4481480079565143,0.5329984659224394,0.5327359510801841,0.5660913641499263,8,1.0,0.0,1.0,1.0,1.0,REPUBLICAN,DEMOCRAT,REPUBLICAN,REPUBLICAN,REPUBLICAN
223,Maine,23,2016,0.4840320887083746,0.5243077903483191,0.43606073825472436,0.4250316458716412,0.44737850158809067,4,0.0,1.0,0.0,0.0,0.0,DEMOCRAT,REPUBLICAN,DEMOCRAT,DEMOCRAT,DEMOCRAT
224,Maryland,24,2016,0.359837503152306,0.3946487292251759,0.5046391413193234,0.4992686684042127,0.4594595371409298,10,0.0,0.0,1.0,0.0,0.0,DEMOCRAT,DEMOCRAT,REPUBLICAN,DEMOCRAT,DEMOCRAT
225,Massachusetts,25,2016,0.353487213103705,0.45944553793469955,0.45685352201191876,0.4589028367669101,0.43909002433823474,11,0.0,0.0,0.0,0.0,0.0,DEMOCRAT,DEMOCRAT,DEMOCRAT,DEMOCRAT,DEMOCRAT
226,Michigan,26,2016,0.5011766821696155,0.4994886206966265,0.511691690008881,0.5093831476539918,0.5707541362569302,16,1.0,0.0,1.0,1.0,1.0,REPUBLICAN,DEMOCRAT,REPUBLICAN,REPUBLICAN,REPUBLICAN
227,Minnesota,27,2016,0.4916814306638465,0.5534776390410405,0.5458753077145744,0.5460412852319649,0.5816762679722771,10,0.0,1.0,1.0,1.0,1.0,DEMOCRAT,REPUBLICAN,REPUBLICAN,REPUBLICAN,REPUBLICAN
228,Mississippi,28,2016,0.5908984732406006,0.41651655395295917,0.5998823162352593,0.6135604064881051,0.5772340310490449,6,1.0,0.0,1.0,1.0,1.0,REPUBLICAN,DEMOCRAT,REPUBLICAN,REPUBLICAN,REPUBLICAN
229,Missouri,29,2016,0.5981856099556606,0.5095562135117198,0.5080596513503011,0.5060743293783929,0.5488248144949424,10,1.0,1.0,1.0,1.0,1.0,REPUBLICAN,REPUBLICAN,REPUBLICAN,REPUBLICAN,REPUBLICAN
230,Montana,30,2016,0.6110966431702444,0.589904697229624,0.5784311660493344,0.597087149532328,0.5898530253387477,3,1.0,1.0,1.0,1.0,1.0,REPUBLICAN,REPUBLICAN,REPUBLICAN,REPUBLICAN,REPUBLICAN
231,Nebraska,31,2016,0.6354767411317757,0.5551700894956606,0.5584756861446962,0.5548880428889333,0.5448935311686185,5,1.0,1.0,1.0,1.0,1.0,REPUBLICAN,REPUBLICAN,REPUBLICAN,REPUBLICAN,REPUBLICAN
232,Nevada,32,2016,0.487062905800148,0.48255086526099333,0.4730604251318695,0.49591451057368374,0.43183504791664973,6,0.0,0.0,0.0,0.0,0.0,DEMOCRAT,DEMOCRAT,DEMOCRAT,DEMOCRAT,DEMOCRAT
233,New Hampshire,33,2016,0.4980297155761929,0.5525921136241609,0.5032622798217474,0.5156097323923063,0.5056539925479555,4,0.0,1.0,1.0,1.0,1.0,DEMOCRAT,REPUBLICAN,REPUBLICAN,REPUBLICAN,REPUBLICAN
234,New Jersey,34,2016,0.4271580985709871,0.4179600355881181,0.40141722740664676,0.39491930657143826,0.3884316140707256,14,0.0,0.0,0.0,0.0,0.0,DEMOCRAT,DEMOCRAT,DEMOCRAT,DEMOCRAT,DEMOCRAT
235,New Mexico,35,2016,0.4534920506567589,0.4043961944870764,0.40937306857815514,0.4094992992505837,0.523361296964616,5,0.0,0.0,0.0,0.0,1.0,DEMOCRAT,DEMOCRAT,DEMOCRAT,DEMOCRAT,REPUBLICAN
236,New York,36,2016,0.3823052529077439,0.4039247871999807,0.37452905157581284,0.360158206752871,0.35072924340614975,29,0.0,0.0,0.0,0.0,0.0,DEMOCRAT,DEMOCRAT,DEMOCRAT,DEMOCRAT,DEMOCRAT
237,North Carolina,37,2016,0.5190374580371871,0.440447973324098,0.4944047479366347,0.4938529450981832,0.49471999145612955,15,1.0,0.0,0.0,0.0,0.0,REPUBLICAN,DEMOCRAT,DEMOCRAT,DEMOCRAT,DEMOCRAT
238,North Dakota,38,2016,0.6980924289651974,0.6618978306362329,0.6931717202753518,0.6855992313739279,0.6542306246847858,3,1.0,1.0,1.0,1.0,1.0,REPUBLICAN,REPUBLICAN,REPUBLICAN,REPUBLICAN,REPUBLICAN
239,Ohio,39,2016,0.5426768457713591,0.5015244175956908,0.5036198900226836,0.5010013325408949,0.5487280039599085,18,1.0,1.0,1.0,1.0,1.0,REPUBLICAN,REPUBLICAN,REPUBLICAN,REPUBLICAN,REPUBLICAN
240,Oklahoma,40,2016,0.6930473723832813,0.5030616117191911,0.5091869370060849,0.5073409485336668,0.5479655913997306,7,1.0,1.0,1.0,1.0,1.0,REPUBLICAN,REPUBLICAN,REPUBLICAN,REPUBLICAN,REPUBLICAN
241,Oregon,41,2016,0.4384416105494564,0.5237966987147678,0.5204714097575263,0.517677719088681,0.5114446819297669,7,0.0,1.0,1.0,1.0,1.0,DEMOCRAT,REPUBLICAN,REPUBLICAN,REPUBLICAN,REPUBLICAN
242,Pennsylvania,42,2016,0.5037553580749017,0.4882017960020768,0.4851474823277826,0.4838884353080175,0.517132614568915,20,1.0,0.0,0.0,0.0,1.0,REPUBLICAN,DEMOCRAT,DEMOCRAT,DEMOCRAT,REPUBLICAN
243,Rhode Island,44,2016,0.4168929590734018,0.45798393474881705,0.436680364335551,0.44398434156352096,0.4141457952205556,4,0.0,0.0,0.0,0.0,0.0,DEMOCRAT,DEMOCRAT,DEMOCRAT,DEMOCRAT,DEMOCRAT
244,South Carolina,45,2016,0.5746025636052402,0.4355539330813203,0.5385259203856165,0.5435828982692072,0.5492188667621392,9,1.0,0.0,1.0,1.0,1.0,REPUBLICAN,DEMOCRAT,REPUBLICAN,REPUBLICAN,REPUBLICAN
245,South Dakota,46,2016,0.6597185807943126,0.5911858285915517,0.5848707875357633,0.590520870550165,0.6216632443087846,3,1.0,1.0,1.0,1.0,1.0,REPUBLICAN,REPUBLICAN,REPUBLICAN,REPUBLICAN,REPUBLICAN
246,Tennessee,47,2016,0.6362434304526199,0.47857317004547095,0.504929234204802,0.5044565851508196,0.5321861712050691,11,1.0,0.0,1.0,1.0,1.0,REPUBLICAN,DEMOCRAT,REPUBLICAN,REPUBLICAN,REPUBLICAN
247,Texas,48,2016,0.5471322557797199,0.4467208680940864,0.4266533252420217,0.4264221830595716,0.4426658547678741,38,1.0,0.0,0.0,0.0,0.0,REPUBLICAN,DEMOCRAT,DEMOCRAT,DEMOCRAT,DEMOCRAT
248,Utah,49,2016,0.6238365820849079,0.6021502779056318,0.613943068849629,0.6234415786940417,0.6395528594204336,6,1.0,1.0,1.0,1.0,1.0,REPUBLICAN,REPUBLICAN,REPUBLICAN,REPUBLICAN,REPUBLICAN
249,Vermont,50,2016,0.3481357367617962,0.5487789368428069,0.4857622108929647,0.4929259056977173,0.49081029018484656,3,0.0,1.0,0.0,0.0,0.0,DEMOCRAT,REPUBLICAN,DEMOCRAT,DEMOCRAT,DEMOCRAT
250,Virginia,51,2016,0.471736237228453,0.4694623419206776,0.49472629120099754,0.4928924342168415,0.5336725100264985,13,0.0,0.0,0.0,0.0,1.0,DEMOCRAT,DEMOCRAT,DEMOCRAT,DEMOCRAT,REPUBLICAN
251,Washington,53,2016,0.4121306879993523,0.5351310672114447,0.5359572022896586,0.5334828168014241,0.556074328919685,12,0.0,1.0,1.0,1.0,1.0,DEMOCRAT,REPUBLICAN,REPUBLICAN,REPUBLICAN,REPUBLICAN
252,West Virginia,54,2016,0.7216105225129578,0.5533031818762155,0.49893485977117535,0.5105607810653368,0.5145025480888137,5,1.0,1.0,0.0,1.0,1.0,REPUBLICAN,REPUBLICAN,DEMOCRAT,REPUBLICAN,REPUBLICAN
253,Wisconsin,55,2016,0.5040586620860988,0.5476290241543889,0.5342656918040447,0.5356524906767675,0.5524598061093258,10,1.0,1.0,1.0,1.0,1.0,REPUBLICAN,REPUBLICAN,REPUBLICAN,REPUBLICAN,REPUBLICAN
254,Wyoming,56,2016,0.7570531962915379,0.6292495013254658,0.6691581969144167,0.6566350154877654,0.5829274819331474,3,1.0,1.0,1.0,1.0,1.0,REPUBLICAN,REPUBLICAN,REPUBLICAN,REPUBLICAN,REPUBLICAN
255,Alabama,1,2020,0.6291137483335473,0.44510640226217557,0.5452432923913264,0.5499262102701437,0.5758494312678621,9,1.0,0.0,1.0,1.0,1.0,REPUBLICAN,DEMOCRAT,REPUBLICAN,REPUBLICAN,REPUBLICAN
256,Alaska,2,2020,0.5526184872384932,0.6660459411022748,0.5809441512698967,0.5708167975357554,0.5206311669778287,3,1.0,1.0,1.0,1.0,1.0,REPUBLICAN,REPUBLICAN,REPUBLICAN,REPUBLICAN,REPUBLICAN
257,Arizona,4,2020,0.4984316832087068,0.4859203248942774,0.5091160785523456,0.5012232190931627,0.48582240873179217,11,0.0,0.0,1.0,1.0,0.0,DEMOCRAT,DEMOCRAT,REPUBLICAN,REPUBLICAN,DEMOCRAT
258,Arkansas,5,2020,0.6421243327798315,0.5056508661781907,0.5121981807136038,0.5102845822049886,0.5572611395503415,6,1.0,1.0,1.0,1.0,1.0,REPUBLICAN,REPUBLICAN,REPUBLICAN,REPUBLICAN,REPUBLICAN
259,California,6,2020,0.3509108863933243,0.43898989678873956,0.4035108358539432,0.4410314873206289,0.33235229691833723,55,0.0,0.0,0.0,0.0,0.0,DEMOCRAT,DEMOCRAT,DEMOCRAT,DEMOCRAT,DEMOCRAT
260,Colorado,8,2020,0.4306168050769984,0.5755225834715816,0.584524534920682,0.5747946099411081,0.5629818998748988,9,0.0,1.0,1.0,1.0,1.0,DEMOCRAT,REPUBLICAN,REPUBLICAN,REPUBLICAN,REPUBLICAN
261,Connecticut,9,2020,0.3980495091192215,0.45492975111673006,0.4448154847381929,0.4474048795552932,0.4499105288565488,7,0.0,0.0,0.0,0.0,0.0,DEMOCRAT,DEMOCRAT,DEMOCRAT,DEMOCRAT,DEMOCRAT
262,Delaware,10,2020,0.4037325583501552,0.4246629325436899,0.5047982775294528,0.5023917168128378,0.5139629080962749,3,0.0,0.0,1.0,1.0,1.0,DEMOCRAT,DEMOCRAT,REPUBLICAN,REPUBLICAN,REPUBLICAN
263,District of Columbia,11,2020,0.0553304615238055,0.36873194209764515,0.0574217989246435,0.08460779108519034,0.17432073545759863,3,0.0,0.0,0.0,0.0,0.0,DEMOCRAT,DEMOCRAT,DEMOCRAT,DEMOCRAT,DEMOCRAT
264,Florida,12,2020,0.5169475466214156,0.4224386290716815,0.39217849644406755,0.40367096893206167,0.4059753363454277,29,1.0,0.0,0.0,0.0,0.0,REPUBLICAN,DEMOCRAT,DEMOCRAT,DEMOCRAT,DEMOCRAT
265,Georgia,13,2020,0.498716661561674,0.427450032410877,0.46731984381738556,0.46391215580665346,0.4751469049190362,16,0.0,0.0,0.0,0.0,0.0,DEMOCRAT,DEMOCRAT,DEMOCRAT,DEMOCRAT,DEMOCRAT
266,Hawaii,15,2020,0.3496648205448842,0.39992272860725686,0.2568028019469111,0.28603804147277856,0.3453148641821713,4,0.0,0.0,0.0,0.0,0.0,DEMOCRAT,DEMOCRAT,DEMOCRAT,DEMOCRAT,DEMOCRAT
267,Idaho,16,2020,0.6587714292507787,0.5854782801904079,0.6082570889326107,0.5952349702430411,0.56075062473748,4,1.0,1.0,1.0,1.0,1.0,REPUBLICAN,REPUBLICAN,REPUBLICAN,REPUBLICAN,REPUBLICAN
268,Illinois,17,2020,0.4134095626719308,0.478292203188198,0.46929570566791057,0.4732719945884156,0.4703297974399945,20,0.0,0.0,0.0,0.0,0.0,DEMOCRAT,DEMOCRAT,DEMOCRAT,DEMOCRAT,DEMOCRAT
269,Indiana,18,2020,0.5819504800744296,0.5383937971209387,0.535515407636943,0.5338350395848153,0.5613372179000606,11,1.0,1.0,1.0,1.0,1.0,REPUBLICAN,REPUBLICAN,REPUBLICAN,REPUBLICAN,REPUBLICAN
270,Iowa,19,2020,0.5430288910160318,0.5827947692057194,0.5826461473225137,0.5854427112589065,0.5709404570823509,6,1.0,1.0,1.0,1.0,1.0,REPUBLICAN,REPUBLICAN,REPUBLICAN,REPUBLICAN,REPUBLICAN
271,Kansas,20,2020,0.5749342825563135,0.5636242243233043,0.5735999771276781,0.566555356588907,0.5632784765039389,6,1.0,1.0,1.0,1.0,1.0,REPUBLICAN,REPUBLICAN,REPUBLICAN,REPUBLICAN,REPUBLICAN
272,Kentucky,21,2020,0.632017965381476,0.5496477117429839,0.5346436866450333,0.5364981655209959,0.57096372020073,8,1.0,1.0,1.0,1.0,1.0,REPUBLICAN,REPUBLICAN,REPUBLICAN,REPUBLICAN,REPUBLICAN
273,Louisiana,22,2020,0.5946444045629105,0.45126170838851243,0.529296399799982,0.5274818307053266,0.5771369140620592,8,1.0,0.0,1.0,1.0,1.0,REPUBLICAN,DEMOCRAT,REPUBLICAN,REPUBLICAN,REPUBLICAN
274,Maine,23,2020,0.4553539346029465,0.5417884944731934,0.47074497250441283,0.4820541747361773,0.4862075308352303,4,0.0,1.0,0.0,0.0,0.0,DEMOCRAT,REPUBLICAN,DEMOCRAT,DEMOCRAT,DEMOCRAT
275,Maryland,24,2020,0.3297095295290766,0.40147132186470014,0.4888652842842518,0.4816319147648471,0.4680502682810683,10,0.0,0.0,0.0,0.0,0.0,DEMOCRAT,DEMOCRAT,DEMOCRAT,DEMOCRAT,DEMOCRAT
276,Massachusetts,25,2020,0.3288445045985185,0.47567849824269537,0.4752570081726546,0.4758128663365824,0.47887285960439385,11,0.0,0.0,0.0,0.0,0.0,DEMOCRAT,DEMOCRAT,DEMOCRAT,DEMOCRAT,DEMOCRAT
277,Michigan,26,2020,0.4858644065559054,0.5216083169354677,0.5235564830990072,0.5199275358067581,0.6006979118915581,16,0.0,1.0,1.0,1.0,1.0,DEMOCRAT,REPUBLICAN,REPUBLICAN,REPUBLICAN,REPUBLICAN
278,Minnesota,27,2020,0.4636048635143333,0.572728998651177,0.5693647970779736,0.568091435209098,0.6086109367713917,10,0.0,1.0,1.0,1.0,1.0,DEMOCRAT,REPUBLICAN,REPUBLICAN,REPUBLICAN,REPUBLICAN
279,Mississippi,28,2020,0.5838498582738886,0.4243001376674358,0.5892946924478437,0.5985682392383609,0.6028208566957431,6,1.0,0.0,1.0,1.0,1.0,REPUBLICAN,DEMOCRAT,REPUBLICAN,REPUBLICAN,REPUBLICAN
280,Missouri,29,2020,0.5783582064440145,0.5253208307276136,0.523539363347048,0.5218126192301895,0.5765237197631521,10,1.0,1.0,1.0,1.0,1.0,REPUBLICAN,REPUBLICAN,REPUBLICAN,REPUBLICAN,REPUBLICAN
281,Montana,30,2020,0.5839718009204811,0.6117498923431794,0.6133613678449379,0.6315591035101562,0.6050346893458425,3,1.0,1.0,1.0,1.0,1.0,REPUBLICAN,REPUBLICAN,REPUBLICAN,REPUBLICAN,REPUBLICAN
282,Nebraska,31,2020,0.5978405224660173,0.5767618184276815,0.5894855334449502,0.581949439027909,0.5703528501063317,5,1.0,1.0,1.0,1.0,1.0,REPUBLICAN,REPUBLICAN,REPUBLICAN,REPUBLICAN,REPUBLICAN
283,Nevada,32,2020,0.4877247214335556,0.49384761666090693,0.49560091385145455,0.5429501182681093,0.419549667457801,6,0.0,0.0,0.0,1.0,0.0,DEMOCRAT,DEMOCRAT,DEMOCRAT,REPUBLICAN,DEMOCRAT
284,New Hampshire,33,2020,0.4625112415048374,0.5710264997974877,0.5441596299107445,0.5646877202420768,0.5383524525889243,4,0.0,1.0,1.0,1.0,1.0,DEMOCRAT,REPUBLICAN,REPUBLICAN,REPUBLICAN,REPUBLICAN
285,New Jersey,34,2020,0.4192871641320516,0.43464745898389534,0.41242953767171997,0.4211434596828667,0.4098961210709646,14,0.0,0.0,0.0,0.0,0.0,DEMOCRAT,DEMOCRAT,DEMOCRAT,DEMOCRAT,DEMOCRAT
286,New Mexico,35,2020,0.4448150984828026,0.4169239286965962,0.4404767722169467,0.4384717464228487,0.541485764965671,5,0.0,0.0,0.0,0.0,1.0,DEMOCRAT,DEMOCRAT,DEMOCRAT,DEMOCRAT,REPUBLICAN
287,New York,36,2020,0.3828316510698775,0.4177715683344445,0.3913874634482326,0.3860025188073877,0.3794966279432046,29,0.0,0.0,0.0,0.0,0.0,DEMOCRAT,DEMOCRAT,DEMOCRAT,DEMOCRAT,DEMOCRAT
288,North Carolina,37,2020,0.5068418253318673,0.4586138427558213,0.4924207041335862,0.49085962131874794,0.5252259200898095,15,1.0,0.0,0.0,0.0,1.0,REPUBLICAN,DEMOCRAT,DEMOCRAT,DEMOCRAT,REPUBLICAN
289,North Dakota,38,2020,0.6721740842289663,0.668435276538812,0.6988392639542198,0.6889766742902594,0.6506942503865858,3,1.0,1.0,1.0,1.0,1.0,REPUBLICAN,REPUBLICAN,REPUBLICAN,REPUBLICAN,REPUBLICAN
290,Ohio,39,2020,0.5407669764770272,0.5201415812272283,0.5208860309311873,0.5187315116686193,0.584462931904902,18,1.0,1.0,1.0,1.0,1.0,REPUBLICAN,REPUBLICAN,REPUBLICAN,REPUBLICAN,REPUBLICAN
291,Oklahoma,40,2020,0.6694003949690651,0.5186413470494315,0.516112512287286,0.5148339083458922,0.5556738547946054,7,1.0,1.0,1.0,1.0,1.0,REPUBLICAN,REPUBLICAN,REPUBLICAN,REPUBLICAN,REPUBLICAN
292,Oregon,41,2020,0.4169284301455827,0.542693730739304,0.5503859148176886,0.5429039092091728,0.5378539414894092,7,0.0,1.0,1.0,1.0,1.0,DEMOCRAT,REPUBLICAN,REPUBLICAN,REPUBLICAN,REPUBLICAN
293,Pennsylvania,42,2020,0.4941079474065094,0.5043988039336855,0.5021477449912837,0.5009403437594528,0.5463155013700529,20,0.0,1.0,1.0,1.0,1.0,DEMOCRAT,REPUBLICAN,REPUBLICAN,REPUBLICAN,REPUBLICAN
294,Rhode Island,44,2020,0.3940064011604074,0.4792541598290643,0.46998307293994657,0.4719365976770149,0.4616758677159112,4,0.0,0.0,0.0,0.0,0.0,DEMOCRAT,DEMOCRAT,DEMOCRAT,DEMOCRAT,DEMOCRAT
295,South Carolina,45,2020,0.559266087495821,0.444485789096559,0.5293898580819061,0.5307947390496395,0.5652233521200642,9,1.0,0.0,1.0,1.0,1.0,REPUBLICAN,DEMOCRAT,REPUBLICAN,REPUBLICAN,REPUBLICAN
296,South Dakota,46,2020,0.634347798616815,0.6142604224254646,0.6127298230778919,0.6173567855578597,0.6323185641431124,3,1.0,1.0,1.0,1.0,1.0,REPUBLICAN,REPUBLICAN,REPUBLICAN,REPUBLICAN,REPUBLICAN
297,Tennessee,47,2020,0.6182777037206635,0.49750510168942874,0.5140673591844731,0.5120921769945141,0.5646680801278876,11,1.0,0.0,1.0,1.0,1.0,REPUBLICAN,DEMOCRAT,REPUBLICAN,REPUBLICAN,REPUBLICAN
298,Texas,48,2020,0.5283072123677953,0.4612090507819966,0.44908156298108537,0.4515154355462556,0.4494166356284808,38,1.0,0.0,0.0,0.0,0.0,REPUBLICAN,DEMOCRAT,DEMOCRAT,DEMOCRAT,DEMOCRAT
299,Utah,49,2020,0.6069357754656344,0.6211080616259683,0.6016770318834901,0.6190723705787349,0.6535344947736377,6,1.0,1.0,1.0,1.0,1.0,REPUBLICAN,REPUBLICAN,REPUBLICAN,REPUBLICAN,REPUBLICAN
300,Vermont,50,2020,0.3170104687596685,0.5700556832127881,0.5272287689317281,0.5514927637090778,0.5284923289877881,3,0.0,1.0,1.0,1.0,1.0,DEMOCRAT,REPUBLICAN,REPUBLICAN,REPUBLICAN,REPUBLICAN
301,Virginia,51,2020,0.4484531300060009,0.48032956325642706,0.49084610278347185,0.4899705121213316,0.5437169567896021,13,0.0,0.0,0.0,0.0,1.0,DEMOCRAT,DEMOCRAT,DEMOCRAT,DEMOCRAT,REPUBLICAN
302,Washington,53,2020,0.4007449681520931,0.5553474579861684,0.552848466987335,0.5510202091966221,0.5639740573972105,12,0.0,1.0,1.0,1.0,1.0,DEMOCRAT,REPUBLICAN,REPUBLICAN,REPUBLICAN,REPUBLICAN
303,West Virginia,54,2020,0.6979853231392202,0.5755727929491199,0.5373298100548993,0.5690854238573309,0.5484852256611035,5,1.0,1.0,1.0,1.0,1.0,REPUBLICAN,REPUBLICAN,REPUBLICAN,REPUBLICAN,REPUBLICAN
304,Wisconsin,55,2020,0.4968204773110322,0.5681152487228687,0.5646607858117463,0.5659391967288627,0.5762606723584227,10,0.0,1.0,1.0,1.0,1.0,DEMOCRAT,REPUBLICAN,REPUBLICAN,REPUBLICAN,REPUBLICAN
305,Wyoming,56,2020,0.724804343755851,0.6384352612979587,0.6909693291386461,0.6737543493568552,0.577427507836191,3,1.0,1.0,1.0,1.0,1.0,REPUBLICAN,REPUBLICAN,REPUBLICAN,REPUBLICAN,REPUBLICAN
